id,bauperiode,startjahr,bautyp,flaeche_m2,umfang_m,kompaktheit,u_wert,hwb,lat,lon
24155178,1860-1883,1860,W3.7.,511.0,119.5,5.287,1.5,158.59,48.195475,16.35084
23453676,1884-1918,1884,W3.1.,83.4,38.7,4.236,1.45,146.03,48.192148,16.346035
23457050,1884-1918,1884,W3.1.,83.2,58.2,6.385,1.45,165.36,48.192264,16.346034
23457053,1884-1918,1884,W3.1.,113.8,55.1,5.165,1.45,154.38,48.192267,16.346095
23453660,1884-1918,1884,W3.1.,135.8,56.5,4.848,1.45,151.53,48.192325,16.34616
23457047,1884-1918,1884,W3.1.,88.3,39.3,4.185,1.45,145.56,48.192253,16.345874
23455302,1884-1918,1884,W3.3.,118.4,48.9,4.493,1.45,148.33,48.193239,16.345441
23455306,1884-1918,1884,W3.3.,182.4,84.1,6.231,1.45,163.98,48.193307,16.345542
23386989,1884-1918,1884,W3.1.,400.8,93.6,4.674,1.45,149.97,48.196163,16.344766
24154020,Nach 1976,1976,W3.8.,396.6,103.1,5.175,0.7,107.98,48.197233,16.34995
24154048,Nach 1976,1976,W3.8.,208.4,72.6,5.031,0.7,106.68,48.197066,16.349292
24155757,Nach 1976,1976,W3.8.,122.8,88.8,8.013,0.7,133.52,48.197131,16.349393
24154077,Nach 1976,1976,W3.8.,43.7,38.4,5.799,0.7,113.59,48.197069,16.349508
24156890,Nach 1976,1976,W3.8.,161.1,57.4,4.521,0.7,102.09,48.197138,16.349637
23457133,1884-1918,1884,W3.3.,181.9,59.5,4.414,1.45,147.62,48.193768,16.344931
23452774,1884-1918,1884,W3.3.,138.7,55.2,4.689,1.45,150.1,48.193806,16.345033
27025280,1884-1918,1884,W3.3.,497.6,152.2,6.821,1.45,169.29,48.194817,16.34388
23452817,1884-1918,1884,W3.2.,182.5,57.3,4.241,1.45,146.07,48.193465,16.345199
23452809,1884-1918,1884,W3.2.,140.4,65.5,5.529,1.45,157.66,48.193549,16.345361
25674234,1860-1883,1860,W3.2.,496.7,139.6,6.263,1.5,167.36,48.196701,16.348907
25674226,1860-1883,1860,W3.2.,251.3,78.5,4.949,1.5,155.54,48.196815,16.349158
27025801,1860-1883,1860,W3.2.,40.3,25.4,4.0,1.5,147.0,48.19627,16.350593
27026241,1860-1883,1860,W3.2.,69.1,53.1,6.39,1.5,168.51,48.196105,16.350484
27026245,1860-1883,1860,W3.2.,162.5,62.0,4.867,1.5,154.81,48.196166,16.35052
27026246,1860-1883,1860,W3.2.,46.9,63.5,9.27,1.5,194.43,48.196207,16.350553
27025331,1860-1883,1860,W3.2.,61.0,31.9,4.079,1.5,147.71,48.196154,16.350725
23453650,1860-1883,1860,W3.3.,649.8,141.9,5.567,1.5,161.1,48.192533,16.347795
25020875,1884-1918,1884,W3.7.,507.5,115.8,5.141,1.45,154.17,48.195694,16.347746
25020882,1884-1918,1884,W3.7.,53.5,29.8,4.073,1.45,144.56,48.195577,16.347708
23457184,1884-1918,1884,W3.8.,608.3,143.1,5.802,1.45,160.12,48.191684,16.347631
25674203,1860-1883,1860,W3.1.,285.3,78.5,4.646,1.5,152.81,48.197033,16.348952
25022046,1884-1918,1884,W3.2.,110.9,52.3,4.963,1.45,152.57,48.194589,16.346774
25022043,1884-1918,1884,W3.2.,321.4,93.0,5.187,1.45,154.58,48.194425,16.346477
25020959,1884-1918,1884,W3.2.,86.6,42.2,4.536,1.45,148.72,48.194583,16.346631
24156977,1884-1918,1884,W3.2.,421.9,105.5,5.136,1.45,154.13,48.197618,16.34894
23453990,1884-1918,1884,W3.2.,99.9,59.3,5.935,1.45,161.31,48.19434,16.349451
23453986,1884-1918,1884,W3.2.,59.3,32.6,4.24,1.45,146.06,48.194392,16.349686
23453989,1884-1918,1884,W3.2.,49.9,32.3,4.577,1.45,149.1,48.194377,16.3495
23453976,1884-1918,1884,W3.2.,172.8,78.1,5.939,1.45,161.35,48.194428,16.349539
23453969,1884-1918,1884,W3.2.,175.1,68.7,5.189,1.45,154.6,48.194525,16.349551
25675937,1781-1848,1781,W3.7.,361.5,85.0,4.468,1.5,151.21,48.195973,16.350184
25675935,1781-1848,1781,W3.7.,67.2,36.6,4.457,1.5,151.12,48.195984,16.350086
27027075,1860-1883,1860,W3.2.,490.9,133.5,6.026,1.5,165.23,48.1953,16.343235
23456436,1884-1918,1884,W3.3.,229.4,71.8,4.738,1.45,150.54,48.193883,16.34483
23454661,1884-1918,1884,W3.3.,96.5,50.8,5.17,1.45,154.43,48.193948,16.344987
23453622,1946-1976,1946,W4.1.,89.4,49.1,5.195,1.3,145.36,48.192953,16.348579
23453629,1946-1976,1946,W4.1.,226.1,64.6,4.295,1.3,137.26,48.192906,16.348834
23453616,1946-1976,1946,W4.1.,42.5,33.8,5.187,1.3,145.28,48.19303,16.348418
23453617,1946-1976,1946,W4.1.,192.1,57.8,4.172,1.3,136.14,48.192997,16.34849
27025526,1884-1918,1884,W3.4.,413.8,139.5,6.859,1.45,169.63,48.196355,16.343535
27025533,1884-1918,1884,W3.4.,315.6,101.6,5.72,1.45,159.38,48.196278,16.343597
27025163,1884-1918,1884,W3.4.,328.6,116.7,6.439,1.45,165.85,48.196162,16.343774
23453668,1884-1918,1884,W3.7.,343.6,82.0,4.422,1.45,147.7,48.192135,16.348228
23453735,1884-1918,1884,W3.7.,326.7,79.0,4.372,1.45,147.25,48.191373,16.347135
23453981,1884-1918,1884,W3.3.,193.5,114.1,8.203,1.45,181.73,48.194386,16.349252
23455362,1884-1918,1884,W3.3.,287.8,82.3,4.85,1.45,151.55,48.194447,16.349224
23454022,1884-1918,1884,W3.3.,56.7,30.5,4.056,1.45,144.4,48.194156,16.349268
23454007,1884-1918,1884,W3.3.,88.1,41.5,4.418,1.45,147.66,48.194257,16.349219
23454003,1884-1918,1884,W3.3.,60.3,32.2,4.153,1.45,145.27,48.194277,16.349135
25022058,1884-1918,1884,W3.6.,1404.5,297.2,7.93,1.45,179.27,48.195375,16.348902
25020892,1884-1918,1884,W3.6.,74.9,36.4,4.206,1.45,145.75,48.195417,16.348874
25020925,1884-1918,1884,W3.2.,148.3,61.4,5.043,1.45,153.28,48.194867,16.346435
25022053,1884-1918,1884,W3.2.,465.6,136.8,6.34,1.45,164.96,48.194751,16.346199
27025272,1884-1918,1884,W3.3.,442.7,137.4,6.529,1.45,166.66,48.194993,16.343655
23390374,1884-1918,1884,W3.7.,104.9,51.2,4.999,1.45,152.89,48.196471,16.344634
23389639,1884-1918,1884,W3.7.,605.3,143.1,5.816,1.45,160.25,48.19654,16.344451
23382073,1884-1918,1884,W3.7.,82.5,41.2,4.534,1.45,148.71,48.196455,16.344579
23382076,1884-1918,1884,W3.7.,184.9,65.4,4.811,1.45,151.2,48.196367,16.344682
23453716,1781-1848,1781,W3.1.,270.9,71.5,4.345,1.5,150.11,48.191624,16.346874
23452793,1884-1918,1884,W3.1.,96.0,40.9,4.177,1.45,145.49,48.193676,16.345009
23452786,1884-1918,1884,W3.1.,66.7,34.8,4.26,1.45,146.24,48.193719,16.345104
27025787,1884-1918,1884,W3.7.,936.6,224.9,7.35,1.45,174.05,48.196325,16.344038
27025147,1884-1918,1884,W3.7.,66.2,33.1,4.061,1.45,144.45,48.196301,16.343911
27025741,1884-1918,1884,W3.7.,241.0,88.0,5.67,1.45,158.93,48.196049,16.343946
27025738,1884-1918,1884,W3.7.,99.8,42.4,4.246,1.45,146.11,48.195971,16.343832
27025772,1884-1918,1884,W3.7.,52.9,32.1,4.416,1.45,147.65,48.196144,16.344096
25020913,1884-1918,1884,W3.1.,363.9,93.8,4.918,1.45,152.16,48.19492,16.349577
23457191,1884-1918,1884,W3.7.,477.9,112.4,5.142,1.45,154.17,48.192485,16.348441
25023778,1884-1918,1884,W3.7.,400.9,99.1,4.951,1.45,152.46,48.196032,16.348378
25020867,1884-1918,1884,W3.7.,62.1,38.0,4.819,1.45,151.27,48.195923,16.348359
23453696,1884-1918,1884,W3.9.,436.6,112.4,5.377,1.45,156.3,48.191898,16.347929
23453666,1884-1918,1884,W3.9.,133.8,49.4,4.267,1.45,146.3,48.192231,16.347419
27025545,1884-1918,1884,W3.7.,300.7,91.9,5.301,1.45,155.61,48.196343,16.351453
25674224,1884-1918,1884,W3.3.,40.6,40.7,6.384,1.45,165.35,48.196872,16.34899
25674216,1884-1918,1884,W3.3.,129.0,45.6,4.015,1.45,144.04,48.196926,16.349119
25674232,1884-1918,1884,W3.3.,56.6,33.6,4.471,1.45,148.14,48.196789,16.348774
25674227,1884-1918,1884,W3.3.,143.9,51.0,4.251,1.45,146.16,48.196862,16.348909
24332077,1884-1918,1884,W3.1.,350.2,99.8,5.334,1.45,155.91,48.197941,16.388603
26618208,1781-1848,1781,W3.1.,210.4,73.9,5.095,1.5,156.85,48.204168,16.355632
25535743,1884-1918,1884,W3.3.,201.4,74.7,5.263,1.45,155.27,48.204571,16.355288
25535754,1884-1918,1884,W3.3.,105.2,41.8,4.081,1.45,144.63,48.204509,16.355381
25537974,1884-1918,1884,W3.3.,461.5,133.5,6.214,1.45,163.82,48.204685,16.355427
25537969,1884-1918,1884,W3.3.,109.9,62.8,5.993,1.45,161.84,48.204718,16.355148
25537967,1884-1918,1884,W3.3.,62.4,49.2,6.228,1.45,163.96,48.204729,16.355191
25537966,1884-1918,1884,W3.3.,67.7,42.9,5.21,1.45,154.79,48.204708,16.355245
25537968,1884-1918,1884,W3.3.,54.7,76.4,10.334,1.45,200.91,48.20471,16.35535
26551859,1884-1918,1884,W3.1.,180.2,65.6,4.885,1.45,151.86,48.201172,16.354476
25850632,1860-1883,1860,W3.1.,73.9,47.3,5.504,1.5,160.54,48.201172,16.357422
23532587,1860-1883,1860,W3.1.,163.8,52.6,4.107,1.5,147.96,48.202575,16.356964
23532584,1860-1883,1860,W3.1.,860.4,179.2,6.108,1.5,165.97,48.202491,16.35633
25524322,1860-1883,1860,W3.1.,640.4,114.0,4.505,1.5,151.55,48.202227,16.355072
23530758,1860-1883,1860,W3.1.,505.2,91.9,4.088,1.5,147.79,48.202161,16.356586
23532563,1860-1883,1860,W3.1.,76.5,38.1,4.352,1.5,150.17,48.202163,16.355385
23530757,1860-1883,1860,W3.1.,48.4,57.6,8.273,1.5,185.45,48.202254,16.35541
25536562,1860-1883,1860,W3.1.,695.8,283.7,10.756,1.5,207.81,48.202453,16.355655
25536644,1860-1883,1860,W3.1.,98.8,46.2,4.652,1.5,152.87,48.202351,16.355145
23530760,1860-1883,1860,W3.1.,172.0,55.3,4.22,1.5,148.98,48.202332,16.356488
23530759,1860-1883,1860,W3.1.,54.8,59.3,8.008,1.5,183.07,48.202335,16.355828
23530413,1860-1883,1860,W3.1.,257.3,96.2,5.999,1.5,164.99,48.202398,16.355627
23532580,1860-1883,1860,W3.1.,545.8,121.1,5.182,1.5,157.64,48.202319,16.357177
23528392,1860-1883,1860,W3.1.,362.1,87.3,4.586,1.5,152.27,48.202022,16.357352
23528411,1860-1883,1860,W3.1.,1222.8,187.8,5.369,1.5,159.32,48.20149,16.355433
23532549,1860-1883,1860,W3.1.,438.3,84.2,4.023,1.5,147.21,48.201927,16.355146
23528410,1860-1883,1860,W3.1.,1133.4,232.4,6.905,1.5,173.14,48.201395,16.357727
23530734,1860-1883,1860,W3.1.,506.4,92.0,4.088,1.5,147.8,48.201447,16.356949
23528540,1860-1883,1860,W3.1.,44.1,24.8,3.738,1.5,144.64,48.200859,16.357408
25859859,1860-1883,1860,W3.1.,195.5,56.7,4.054,1.5,147.48,48.200843,16.356198
25859860,1860-1883,1860,W3.1.,52.8,38.6,5.317,1.5,158.86,48.200881,16.356092
23530513,1860-1883,1860,W3.1.,276.7,71.9,4.323,1.5,149.91,48.201134,16.356794
23532462,1860-1883,1860,W3.1.,43.7,25.1,3.792,1.5,145.13,48.200812,16.356705
23532451,1860-1883,1860,W3.1.,44.5,25.1,3.765,1.5,144.89,48.200704,16.356761
23530720,1860-1883,1860,W3.1.,498.7,91.2,4.082,1.5,147.74,48.201211,16.357097
23530700,1860-1883,1860,W3.1.,172.5,55.4,4.218,1.5,148.96,48.2011,16.35716
23528513,1860-1883,1860,W3.1.,44.1,24.8,3.738,1.5,144.64,48.200964,16.357352
23532447,1860-1883,1860,W3.1.,84.9,58.8,6.382,1.5,168.44,48.200628,16.356053
25535011,1860-1883,1860,W3.1.,426.4,82.7,4.006,1.5,147.05,48.201101,16.355618
23532484,1860-1883,1860,W3.1.,661.6,115.5,4.489,1.5,151.4,48.20081,16.35588
23528580,1860-1883,1860,W3.1.,297.0,75.5,4.382,1.5,150.44,48.200557,16.355976
23530748,1860-1883,1860,W3.1.,506.9,92.1,4.089,1.5,147.8,48.201684,16.356797
23530755,1860-1883,1860,W3.1.,506.2,92.0,4.088,1.5,147.8,48.201915,16.356698
23528405,1860-1883,1860,W3.1.,1399.9,158.9,4.248,1.5,149.23,48.201754,16.356118
23528429,1860-1883,1860,W3.1.,52.7,27.5,3.784,1.5,145.06,48.201584,16.356206
23528420,1884-1918,1884,W3.3.,731.4,184.2,6.812,1.45,169.21,48.201461,16.354028
24776641,1884-1918,1884,W3.7.,292.1,105.0,6.142,1.45,163.18,48.211756,16.375859
24776651,1884-1918,1884,W3.7.,267.7,87.0,5.316,1.45,155.74,48.211731,16.375741
24801020,1884-1918,1884,W3.7.,103.5,53.8,5.285,1.45,155.47,48.211757,16.375582
24800139,1884-1918,1884,W3.7.,68.8,35.1,4.229,1.45,145.96,48.211681,16.37564
23249678,1884-1918,1884,W3.3.,259.6,91.2,5.661,1.45,158.85,48.185745,16.369138
23249858,1884-1918,1884,W3.3.,186.3,57.1,4.184,1.45,145.55,48.185625,16.369199
24518076,1884-1918,1884,W3.2.,161.1,61.0,4.804,1.45,151.13,48.200047,16.383947
24518075,1884-1918,1884,W3.2.,172.8,90.8,6.904,1.45,170.04,48.200086,16.3841
24518107,1884-1918,1884,W3.2.,63.8,33.6,4.211,1.45,145.8,48.199986,16.384169
24517905,1884-1918,1884,W3.2.,111.1,43.8,4.151,1.45,145.26,48.20167,16.383704
24517906,1884-1918,1884,W3.2.,230.8,81.8,5.384,1.45,156.36,48.201679,16.383526
25533827,1781-1848,1781,Keine Angabe,364.3,130.9,6.856,1.5,172.7,48.209418,16.354828
25534453,1781-1848,1781,Keine Angabe,118.4,106.4,9.778,1.5,199.0,48.209481,16.354817
27105292,Vor 1683,1683,W2.3.,650.4,166.6,6.531,1.5,169.78,48.208849,16.376407
25452069,1884-1918,1884,W3.3.,559.9,133.0,5.62,1.45,158.48,48.206385,16.371172
25452065,1884-1918,1884,W3.7.,214.1,93.5,6.392,1.45,165.43,48.205928,16.371162
24796475,1946-1976,1946,6.,136.6,95.2,8.144,1.3,171.9,48.211069,16.378113
24800090,1946-1976,1946,6.,612.1,148.1,5.986,1.3,152.48,48.211184,16.378064
24800063,1946-1976,1946,6.,54.1,31.7,4.314,1.3,137.42,48.211127,16.378051
24796843,1884-1918,1884,W3.7.,660.7,165.4,6.434,1.45,165.81,48.210839,16.3809
24800514,1884-1918,1884,W3.7.,91.6,50.3,5.255,1.45,155.2,48.210843,16.380817
24715203,1946-1976,1946,6.,119.2,78.3,7.174,1.3,163.17,48.20717,16.383487
24714892,1946-1976,1946,6.,200.9,77.2,5.448,1.3,147.63,48.207195,16.383415
24716834,1946-1976,1946,6.,63.6,79.6,9.981,1.3,188.42,48.207246,16.383385
24716826,1946-1976,1946,6.,1378.5,258.0,6.949,1.3,161.14,48.207058,16.383764
24715192,1946-1976,1946,6.,85.2,65.3,7.074,1.3,162.26,48.206887,16.383765
24716807,1946-1976,1946,6.,40.7,49.5,7.766,1.3,168.5,48.206878,16.383737
24716830,1946-1976,1946,6.,139.1,95.2,8.075,1.3,171.28,48.207214,16.383874
24716820,1946-1976,1946,6.,297.5,72.9,4.224,1.3,136.62,48.207064,16.383824
24715200,1946-1976,1946,6.,154.8,91.8,7.377,1.3,164.99,48.20696,16.384123
25541659,1884-1918,1884,W3.9.,98.5,45.2,4.559,1.45,148.93,48.19922,16.355263
25540808,1884-1918,1884,W3.9.,106.4,42.2,4.089,1.45,144.7,48.199396,16.35513
25541677,1884-1918,1884,W3.9.,61.0,34.5,4.417,1.45,147.66,48.199424,16.35563
25541232,1884-1918,1884,W3.9.,460.8,131.9,6.145,1.45,163.2,48.199791,16.355046
25541684,1884-1918,1884,W3.9.,608.8,154.4,6.259,1.45,164.23,48.199411,16.355318
25541699,1884-1918,1884,W3.9.,276.6,69.9,4.201,1.45,145.71,48.199594,16.355261
25541687,1884-1918,1884,W3.9.,125.9,47.2,4.204,1.45,145.74,48.199509,16.355346
25541702,1884-1918,1884,W3.9.,858.7,194.7,6.644,1.45,167.7,48.199621,16.354791
25456385,1860-1883,1860,W3.2.,660.4,228.9,8.908,1.5,191.17,48.202209,16.361525
25458900,1860-1883,1860,W3.2.,76.6,35.3,4.028,1.5,147.25,48.2021,16.361483
25456383,1860-1883,1860,W3.2.,195.0,77.9,5.577,1.5,161.19,48.202181,16.361513
25405007,1884-1918,1884,W3.1.,159.2,75.9,6.019,1.45,162.07,48.211238,16.369452
25450059,1860-1883,1860,W3.2.,576.5,148.2,6.172,1.5,166.54,48.201708,16.370646
25450091,1860-1883,1860,W3.2.,57.4,34.6,4.562,1.5,152.06,48.201599,16.370581
23245672,1884-1918,1884,W3.7.,327.8,101.6,5.61,1.45,158.39,48.185359,16.368467
24453601,1884-1918,1884,W3.7.,369.6,93.5,4.864,1.45,151.68,48.185811,16.36954
23245581,1884-1918,1884,W3.1.,401.0,104.4,5.211,1.45,154.8,48.185642,16.368805
25408504,Vor 1683,1683,W2.2.,294.3,101.7,5.928,1.5,164.35,48.209647,16.37062
24790968,1683-1740,1683,W2.3.,566.9,150.2,6.308,1.5,167.77,48.209469,16.375018
24797405,Vor 1683,1683,2.,1638.8,253.9,6.273,1.5,167.46,48.207522,16.373492
24791365,Vor 1683,1683,2.,1338.6,278.7,7.618,1.5,179.56,48.207974,16.373774
24791435,Vor 1683,1683,2.,281.7,73.9,4.406,1.5,150.65,48.207692,16.374114
24804359,Vor 1683,1683,2.,52.7,40.4,5.568,1.5,161.11,48.20794,16.374184
24791407,Vor 1683,1683,2.,334.6,77.9,4.259,1.5,149.33,48.207899,16.37435
24791008,1781-1848,1781,W3.5.,1187.4,274.5,7.966,1.5,182.7,48.209211,16.375181
25869975,1884-1918,1884,W3.1.,378.7,149.7,7.69,1.45,177.11,48.203916,16.370868
25869988,1884-1918,1884,W3.1.,51.6,32.1,4.466,1.45,148.1,48.203894,16.370869
23245412,1884-1918,1884,W3.1.,284.0,77.1,4.578,1.45,149.1,48.186347,16.369617
23247630,1884-1918,1884,W3.3.,464.7,147.4,6.839,1.45,169.45,48.185325,16.368115
25900259,1884-1918,1884,W3.2.,880.9,200.9,6.77,1.45,168.83,48.198029,16.378625
25900233,1884-1918,1884,W3.2.,42.9,27.1,4.135,1.45,145.12,48.198033,16.378628
26809204,1946-1976,1946,W4.1.,218.1,69.0,4.67,1.3,140.63,48.211034,16.379427
26810380,1946-1976,1946,W4.1.,79.4,38.3,4.293,1.3,137.24,48.210949,16.379573
24149938,1884-1918,1884,W3.1.,149.8,70.6,5.77,1.45,159.83,48.197186,16.367125
24149930,1884-1918,1884,W3.1.,123.4,52.3,4.705,1.45,150.24,48.197227,16.367296
23702962,1884-1918,1884,W3.3.,170.0,60.9,4.674,1.45,149.96,48.213789,16.351214
23702960,1884-1918,1884,W3.3.,328.4,115.6,6.378,1.45,165.3,48.213781,16.351409
23710445,1884-1918,1884,W3.3.,45.4,34.4,5.104,1.45,153.83,48.213867,16.351479
23708440,1884-1918,1884,W3.3.,169.6,60.6,4.652,1.45,149.76,48.214382,16.351176
23708476,1884-1918,1884,W3.3.,362.9,154.5,8.11,1.45,180.89,48.214373,16.351433
25450663,1860-1883,1860,W3.1.,92.9,55.0,5.71,1.5,162.39,48.20532,16.369184
25450646,1860-1883,1860,W3.1.,256.8,79.1,4.939,1.5,155.45,48.205404,16.369289
25869998,1884-1918,1884,W3.1.,128.1,73.8,6.519,1.45,166.57,48.203747,16.371308
25869992,1884-1918,1884,W3.1.,93.8,42.8,4.424,1.45,147.71,48.203846,16.371323
24800005,1781-1848,1781,W2.2.,53.8,50.3,6.855,1.5,172.69,48.210383,16.376566
24790722,1781-1848,1781,W2.2.,172.5,61.6,4.691,1.5,153.22,48.210616,16.376829
24790796,1781-1848,1781,W2.2.,41.6,32.5,5.032,1.5,156.29,48.2102,16.376821
25406854,1884-1918,1884,4.,61.6,35.8,4.56,1.45,148.94,48.210607,16.368209
25406976,1884-1918,1884,4.,2472.6,370.8,7.456,1.45,175.01,48.210369,16.368414
25408599,1884-1918,1884,4.,194.2,66.5,4.774,1.45,150.86,48.210455,16.368249
25408607,1884-1918,1884,4.,269.9,75.5,4.597,1.45,149.28,48.21053,16.368307
25408613,1884-1918,1884,4.,171.1,60.0,4.59,1.45,149.21,48.210604,16.368447
25408173,1884-1918,1884,4.,45.6,29.1,4.317,1.45,146.75,48.21061,16.368263
25408623,1884-1918,1884,4.,261.1,93.9,5.814,1.45,160.23,48.21067,16.368484
25406857,1884-1918,1884,4.,68.4,36.9,4.468,1.45,148.11,48.210713,16.368261
25406969,1884-1918,1884,4.,86.0,46.1,4.975,1.45,152.68,48.210374,16.368353
23600782,1919-1945,1919,W4.1.,163.9,72.3,5.645,1.4,155.61,48.206944,16.35204
23599057,1919-1945,1919,W4.1.,42.1,30.8,4.74,1.4,147.46,48.206917,16.352152
23599069,1919-1945,1919,W4.1.,55.3,30.7,4.126,1.4,141.93,48.20699,16.352111
25452050,1884-1918,1884,W3.1.,1097.6,252.0,7.605,1.45,176.35,48.205324,16.368741
25450571,1884-1918,1884,W3.2.,234.0,70.7,4.621,1.45,149.49,48.206069,16.370185
24714460,1884-1918,1884,W3.3.,466.2,141.1,6.535,1.45,166.72,48.20736,16.376523
24714463,1884-1918,1884,W3.3.,125.8,53.5,4.769,1.45,150.82,48.207453,16.376554
24712289,1781-1848,1781,W2.3.,255.0,88.5,5.541,1.5,160.87,48.20669,16.374452
24254088,1884-1918,1884,W3.2.,69.5,35.1,4.211,1.45,145.8,48.202555,16.366744
24251355,1884-1918,1884,W3.2.,77.8,49.3,5.59,1.45,158.21,48.202584,16.36686
24254110,1884-1918,1884,W3.2.,205.2,71.5,4.991,1.45,152.82,48.20264,16.366999
24251370,1884-1918,1884,W3.2.,100.7,64.8,6.457,1.45,166.02,48.202517,16.366922
24251537,1884-1918,1884,W3.2.,47.5,32.7,4.748,1.45,150.63,48.202538,16.366878
24792089,1884-1918,1884,W3.1.,421.8,119.6,5.825,1.45,160.33,48.210618,16.381495
24792102,1884-1918,1884,W3.1.,40.5,24.7,3.888,1.45,142.9,48.210594,16.381521
24792108,1884-1918,1884,W3.1.,87.3,44.0,4.712,1.45,150.31,48.21055,16.38167
23245642,1884-1918,1884,W3.3.,542.4,150.0,6.442,1.45,165.88,48.185432,16.36761
23245551,1884-1918,1884,W3.7.,385.7,88.8,4.524,1.45,148.62,48.185787,16.367418
19282380,1884-1918,1884,W3.1.,249.5,72.1,4.566,1.45,148.99,48.189386,16.358338
25451497,1884-1918,1884,W3.7.,212.7,100.7,6.904,1.45,170.04,48.20652,16.369979
21947480,1849-1859,1849,W2.5.,2230.5,366.1,7.751,1.5,180.76,48.211281,16.365084
25405415,1884-1918,1884,6.,209.2,104.3,7.21,1.45,172.79,48.208784,16.367178
24716805,1884-1918,1884,W3.7.,1478.6,226.2,5.883,1.45,160.85,48.206713,16.383406
24153279,1884-1918,1884,W3.7.,385.7,123.0,6.261,1.45,164.25,48.196681,16.364912
23691527,1884-1918,1884,W3.7.,117.9,58.8,5.416,1.45,156.65,48.212112,16.348901
23691521,1884-1918,1884,W3.7.,208.0,82.5,5.722,1.45,159.4,48.212083,16.348784
23691518,1884-1918,1884,W3.7.,42.5,37.5,5.744,1.45,159.59,48.212165,16.348868
24796591,1884-1918,1884,W3.7.,126.1,84.0,7.484,1.45,175.25,48.208205,16.380875
24796592,1884-1918,1884,W3.7.,307.0,100.6,5.741,1.45,159.57,48.208235,16.381071
24245784,1860-1883,1860,W3.2.,321.8,109.2,6.089,1.5,165.8,48.214485,16.372606
24245684,1860-1883,1860,W3.2.,62.2,31.6,4.011,1.5,147.1,48.214585,16.372615
24245690,1860-1883,1860,W3.2.,52.3,28.9,3.99,1.5,146.91,48.214475,16.37274
21945300,1946-1976,1946,W4.1.,42.4,32.4,4.975,1.3,143.37,48.211654,16.371525
21942125,1946-1976,1946,W4.1.,358.5,143.0,7.552,1.3,166.56,48.211738,16.371748
21948525,1946-1976,1946,W4.1.,151.2,68.3,5.554,1.3,148.59,48.211735,16.371785
21948518,1946-1976,1946,W4.1.,69.0,31.5,3.793,1.3,132.74,48.211648,16.371787
25456092,1884-1918,1884,3.,139.6,55.2,4.675,1.45,149.97,48.200594,16.365867
25456094,1884-1918,1884,3.,96.9,39.4,4.0,1.45,143.9,48.200433,16.36588
25456093,1884-1918,1884,3.,86.1,42.5,4.575,1.45,149.07,48.200484,16.366015
25456105,1884-1918,1884,3.,79.2,36.2,4.063,1.45,144.47,48.200364,16.365818
25457467,1884-1918,1884,3.,43.6,27.9,4.223,1.45,145.91,48.200933,16.365001
25456114,1884-1918,1884,3.,463.7,100.6,4.672,1.45,149.95,48.200568,16.365671
25455437,1884-1918,1884,3.,134.3,54.7,4.717,1.45,150.35,48.200436,16.365662
24149302,1884-1918,1884,W3.3.,181.2,60.8,4.514,1.45,148.53,48.197032,16.364638
24149326,1884-1918,1884,W3.3.,252.1,70.3,4.425,1.45,147.73,48.19689,16.364869
24151734,1884-1918,1884,W3.3.,69.9,45.3,5.416,1.45,156.65,48.196767,16.364969
24153291,1884-1918,1884,W3.3.,45.1,44.2,6.577,1.45,167.1,48.19682,16.365026
24153259,1884-1918,1884,W3.3.,67.2,45.3,5.529,1.45,157.66,48.196691,16.365227
24153274,1884-1918,1884,W3.3.,166.2,71.1,5.515,1.45,157.53,48.196736,16.365114
24251161,1919-1945,1919,W3.1.,338.5,91.8,4.99,1.4,149.71,48.198377,16.365919
25406953,1884-1918,1884,W3.3.,149.7,58.7,4.802,1.45,151.11,48.209408,16.368073
24040240,1860-1883,1860,W3.8.,131.4,72.3,6.305,1.5,167.75,48.214291,16.349911
24040018,1860-1883,1860,W3.8.,763.0,169.9,6.149,1.5,166.34,48.214748,16.349901
24040181,1884-1918,1884,W3.2.,351.6,102.3,5.454,1.45,156.98,48.213473,16.349974
23528029,1884-1918,1884,W3.2.,234.9,70.5,4.6,1.45,149.3,48.199271,16.350522
23530580,1884-1918,1884,W3.2.,40.7,29.6,4.649,1.45,149.74,48.199165,16.349957
23530577,1884-1918,1884,W3.2.,74.5,35.8,4.151,1.45,145.26,48.19913,16.349982
23528042,1884-1918,1884,W3.2.,190.2,71.4,5.174,1.45,154.47,48.199217,16.350153
23528074,1884-1918,1884,W3.2.,108.7,58.6,5.625,1.45,158.52,48.199187,16.350279
23528098,1884-1918,1884,W3.2.,165.4,61.1,4.753,1.45,150.67,48.199092,16.349804
25548307,1884-1918,1884,W3.7.,523.7,137.1,5.993,1.45,161.83,48.212485,16.368631
25870018,1884-1918,1884,W3.7.,77.1,51.5,5.867,1.45,160.71,48.203444,16.371656
25870021,1884-1918,1884,W3.7.,130.6,43.6,3.819,1.45,142.27,48.203438,16.371729
25870023,1884-1918,1884,W3.7.,54.9,39.0,5.267,1.45,155.3,48.203384,16.371806
25870020,1884-1918,1884,W3.7.,44.7,41.5,6.204,1.45,163.73,48.203477,16.371907
25870022,1884-1918,1884,W3.7.,410.5,86.4,4.266,1.45,146.29,48.203375,16.37198
25870009,1884-1918,1884,W3.7.,392.8,95.4,4.814,1.45,151.23,48.203572,16.372107
23378359,1884-1918,1884,W3.1.,245.8,64.8,4.134,1.45,145.11,48.190601,16.384831
23378360,1884-1918,1884,W3.1.,67.1,37.5,4.579,1.45,149.11,48.190615,16.385032
23378367,1884-1918,1884,W3.1.,49.8,28.4,4.024,1.45,144.11,48.190546,16.385052
24332053,1884-1918,1884,W3.1.,86.6,52.3,5.615,1.45,158.44,48.197883,16.388266
24332072,1884-1918,1884,W3.1.,292.0,82.6,4.833,1.45,151.4,48.197952,16.388237
24332032,1884-1918,1884,W3.2.,664.6,144.9,5.62,1.45,158.48,48.197605,16.388368
24327465,1884-1918,1884,W3.2.,226.1,79.8,5.309,1.45,155.68,48.197786,16.388034
24327471,1884-1918,1884,W3.2.,886.5,223.2,7.495,1.45,175.36,48.197596,16.387592
24332006,1884-1918,1884,W3.2.,86.8,40.5,4.341,1.45,146.97,48.197587,16.387617
24149343,1884-1918,1884,W3.2.,43.5,30.5,4.628,1.45,149.55,48.196845,16.365231
24149328,1884-1918,1884,W3.2.,152.6,73.2,5.926,1.45,161.23,48.196853,16.3653
23247648,1884-1918,1884,W3.1.,387.5,100.6,5.112,1.45,153.91,48.18646,16.369004
25408336,Nach 1976,1976,10.,99.5,82.5,8.276,0.7,135.89,48.208242,16.37145
25408352,Nach 1976,1976,10.,350.1,135.5,7.239,0.7,126.55,48.208381,16.371557
25408338,Nach 1976,1976,10.,130.3,68.5,6.001,0.7,115.41,48.208326,16.371604
25408348,Nach 1976,1976,10.,71.5,42.3,5.007,0.7,106.47,48.208388,16.371658
24792459,1860-1883,1860,5.,48.3,28.9,4.164,1.5,148.47,48.207751,16.382732
24795934,1860-1883,1860,5.,217.0,105.4,7.152,1.5,175.37,48.208052,16.382746
24792447,1860-1883,1860,5.,58.1,31.1,4.08,1.5,147.72,48.207798,16.382766
24792375,1860-1883,1860,5.,257.4,69.6,4.335,1.5,150.02,48.208414,16.382918
24792382,1860-1883,1860,5.,1315.6,290.2,8.001,1.5,183.01,48.208029,16.382939
24792384,1860-1883,1860,5.,46.3,29.9,4.394,1.5,150.55,48.20836,16.383163
24792361,1860-1883,1860,5.,2122.3,199.4,4.327,1.5,149.95,48.208369,16.382347
24795933,1860-1883,1860,5.,193.8,62.6,4.495,1.5,151.45,48.207905,16.382425
24792431,1860-1883,1860,5.,138.9,57.7,4.899,1.5,155.09,48.207877,16.382538
23246013,1884-1918,1884,W3.3.,572.2,166.4,6.954,1.45,170.49,48.188264,16.376041
23246017,1884-1918,1884,W3.3.,591.4,142.8,5.87,1.45,160.73,48.188225,16.375733
23246063,1884-1918,1884,W3.3.,264.8,82.5,5.068,1.45,153.51,48.18811,16.375475
23246033,1884-1918,1884,W3.3.,86.6,68.0,7.303,1.45,173.63,48.188195,16.375449
23248248,1884-1918,1884,W3.3.,265.4,88.2,5.411,1.45,156.6,48.188234,16.375401
23528046,1884-1918,1884,W3.2.,105.4,46.8,4.558,1.45,148.92,48.199238,16.350007
23530588,1884-1918,1884,W3.2.,126.5,62.9,5.588,1.45,158.2,48.199374,16.350238
23528004,1884-1918,1884,W3.2.,114.5,46.1,4.308,1.45,146.67,48.199434,16.349903
23530598,1884-1918,1884,W3.2.,414.2,140.9,6.923,1.45,170.21,48.1994,16.350184
23531994,1884-1918,1884,W3.2.,342.1,104.1,5.63,1.45,158.57,48.199282,16.349725
23530147,1884-1918,1884,W3.2.,128.7,50.8,4.481,1.45,148.23,48.199315,16.349829
23448096,1884-1918,1884,W3.3.,120.4,44.8,4.08,1.45,144.62,48.20659,16.370132
23448093,1884-1918,1884,W3.3.,57.7,36.8,4.836,1.45,151.43,48.206653,16.369976
23448073,1884-1918,1884,W3.3.,181.0,65.3,4.85,1.45,151.55,48.206724,16.369895
23448081,1884-1918,1884,W3.3.,104.7,41.2,4.031,1.45,144.18,48.206697,16.370185
23448080,1884-1918,1884,W3.3.,87.5,61.1,6.538,1.45,166.74,48.206686,16.370048
23448079,1884-1918,1884,W3.3.,42.9,50.4,7.687,1.45,177.08,48.206739,16.370073
23841398,1884-1918,1884,W3.7.,275.4,153.1,9.226,1.45,190.94,48.196816,16.381548
23837387,1884-1918,1884,W3.7.,89.2,41.1,4.356,1.45,147.1,48.196915,16.381577
23837375,1884-1918,1884,W3.7.,410.2,121.7,6.006,1.45,161.96,48.196794,16.381399
23393022,1884-1918,1884,W3.9.,98.2,40.7,4.109,1.45,144.88,48.193378,16.377098
23393002,1884-1918,1884,W3.9.,274.5,72.8,4.393,1.45,147.43,48.193571,16.377037
23392993,1884-1918,1884,W3.9.,86.3,38.8,4.178,1.45,145.5,48.193715,16.376885
23393000,1884-1918,1884,W3.9.,552.5,134.2,5.708,1.45,159.27,48.193562,16.377533
25543522,1884-1918,1884,W3.7.,274.4,92.3,5.573,1.45,158.05,48.189819,16.373758
25543531,1884-1918,1884,W3.2.,243.8,87.7,5.615,1.45,158.44,48.18966,16.373827
25543683,1884-1918,1884,W3.3.,127.9,56.6,5.0,1.45,152.9,48.189341,16.373283
25545943,1884-1918,1884,W3.3.,278.6,69.9,4.187,1.45,145.58,48.189383,16.373398
23530564,1884-1918,1884,W3.3.,42.1,25.4,3.92,1.45,143.18,48.199011,16.350021
23530565,1884-1918,1884,W3.3.,138.6,56.0,4.756,1.45,150.71,48.19898,16.350127
23534669,1884-1918,1884,W3.3.,205.3,90.6,6.324,1.45,164.81,48.199088,16.350341
23531977,1884-1918,1884,W3.3.,191.8,57.7,4.168,1.45,145.41,48.198964,16.349877
25451137,1884-1918,1884,W3.1.,583.1,171.3,7.095,1.45,171.76,48.207365,16.371172
25451136,1884-1918,1884,W3.1.,124.6,70.8,6.34,1.45,164.96,48.207439,16.371184
25408534,1884-1918,1884,W3.7.,266.4,92.1,5.642,1.45,158.67,48.210125,16.37125
25408537,1884-1918,1884,W3.7.,101.3,80.6,8.005,1.45,179.94,48.210202,16.371209
27105314,1884-1918,1884,W3.7.,528.5,145.1,6.31,1.45,164.69,48.209878,16.371725
27104809,1884-1918,1884,W3.7.,40.8,31.6,4.945,1.45,152.4,48.209955,16.371688
27105311,1884-1918,1884,W3.7.,41.8,45.3,7.0,1.45,170.9,48.20992,16.371757
25535638,1884-1918,1884,W3.7.,740.9,223.2,8.198,1.45,181.69,48.205278,16.356089
25537991,1884-1918,1884,W3.7.,191.9,86.8,6.265,1.45,164.28,48.205242,16.356053
25537989,1884-1918,1884,W3.7.,91.7,46.4,4.846,1.45,151.51,48.205287,16.355839
25535693,1884-1918,1884,W3.7.,101.3,44.1,4.381,1.45,147.33,48.205089,16.355889
24621055,1884-1918,1884,W3.9.,160.4,65.3,5.159,1.45,154.33,48.199548,16.37408
24620467,1884-1918,1884,W3.9.,217.1,82.4,5.592,1.45,158.22,48.199417,16.374086
23598287,1884-1918,1884,W3.1.,227.8,89.7,5.945,1.45,161.4,48.205846,16.349021
24806057,1884-1918,1884,W3.3.,546.1,159.5,6.825,1.45,169.32,48.209844,16.3728
24799650,1884-1918,1884,W3.3.,101.9,41.5,4.114,1.45,144.93,48.20976,16.372703
25405441,1946-1976,1946,W3.7.,537.2,177.4,7.654,1.3,167.48,48.208697,16.371806
25405477,1946-1976,1946,W3.7.,60.7,31.7,4.066,1.3,135.2,48.208669,16.371786
25408419,1946-1976,1946,W3.7.,45.8,27.8,4.104,1.3,135.53,48.208765,16.371873
25405512,1946-1976,1946,W3.7.,66.6,45.8,5.615,1.3,149.14,48.208535,16.371852
25405497,1946-1976,1946,W3.7.,68.2,33.0,4.001,1.3,134.61,48.208583,16.371843
25405281,1884-1918,1884,W3.7.,644.2,214.6,8.455,1.45,183.99,48.209229,16.370583
25405318,1884-1918,1884,W3.7.,87.5,45.6,4.877,1.45,151.79,48.209147,16.370602
25406946,1884-1918,1884,W3.7.,78.2,82.8,9.365,1.45,192.19,48.20926,16.370624
23527537,1884-1918,1884,W3.4.,758.7,189.4,6.878,1.45,169.8,48.201642,16.351604
25546428,1884-1918,1884,Keine Angabe,462.9,128.4,5.969,1.45,161.62,48.200074,16.363573
25548845,1884-1918,1884,Keine Angabe,703.2,138.0,5.202,1.45,154.72,48.199656,16.364015
25548839,1884-1918,1884,Keine Angabe,81.4,48.9,5.419,1.45,156.67,48.199482,16.364032
25548841,1884-1918,1884,Keine Angabe,62.9,36.4,4.592,1.45,149.22,48.199571,16.36404
25546438,1884-1918,1884,Keine Angabe,567.3,160.1,6.724,1.45,168.41,48.19943,16.364242
25548783,1884-1918,1884,Keine Angabe,74.8,41.7,4.826,1.45,151.33,48.199528,16.364126
25548007,1884-1918,1884,Keine Angabe,232.0,76.6,5.031,1.45,153.18,48.199961,16.363636
25546432,1884-1918,1884,Keine Angabe,556.2,94.4,4.002,1.45,143.91,48.199837,16.363785
25546429,1884-1918,1884,Keine Angabe,130.5,94.9,8.305,1.45,182.65,48.199931,16.363882
25405570,1946-1976,1946,W4.1.,40.2,49.9,7.869,1.3,169.42,48.208252,16.371181
25408345,1946-1976,1946,W4.1.,241.2,74.3,4.781,1.3,141.63,48.208354,16.371124
24713149,1884-1918,1884,W3.3.,100.4,67.4,6.73,1.45,168.47,48.207757,16.375219
24715238,1884-1918,1884,W3.3.,60.5,31.4,4.033,1.45,144.2,48.207841,16.37532
24797102,1946-1976,1946,W4.1.,60.6,55.3,7.102,1.3,162.52,48.209296,16.372909
24791023,1946-1976,1946,W4.1.,46.8,38.5,5.621,1.3,149.19,48.209345,16.372929
24796267,1946-1976,1946,W4.1.,113.2,91.7,8.618,1.3,176.16,48.209368,16.372752
24790992,1946-1976,1946,W4.1.,277.5,94.7,5.683,1.3,149.74,48.209391,16.37284
24791005,1946-1976,1946,W4.1.,48.8,30.6,4.378,1.3,138.0,48.209421,16.37285
25450715,1884-1918,1884,W3.1.,389.6,162.6,8.235,1.45,182.02,48.204622,16.370286
25451470,1884-1918,1884,W3.1.,142.0,58.5,4.913,1.45,152.12,48.204539,16.370349
25450722,1884-1918,1884,W3.1.,48.5,24.7,3.546,1.45,139.81,48.204592,16.370514
25450716,1884-1918,1884,W3.1.,194.5,65.2,4.677,1.45,150.0,48.204605,16.370052
25450720,1884-1918,1884,W3.1.,84.7,37.3,4.049,1.45,144.34,48.204577,16.370213
27105280,1884-1918,1884,W3.2.,43.8,26.5,4.004,1.45,143.93,48.208549,16.37682
27105284,1884-1918,1884,W3.2.,397.4,169.4,8.498,1.45,184.38,48.208527,16.37696
27105282,1884-1918,1884,W3.2.,46.7,28.6,4.192,1.45,145.62,48.20858,16.376947
27105278,1884-1918,1884,W3.2.,46.7,28.6,4.192,1.45,145.63,48.208528,16.377079
24620626,1884-1918,1884,W3.7.,579.7,149.3,6.2,1.45,163.7,48.198757,16.37737
24620620,1884-1918,1884,W3.7.,46.7,59.5,8.708,1.45,186.27,48.19889,16.377372
24620681,1884-1918,1884,W3.7.,282.8,70.6,4.198,1.45,145.68,48.198534,16.377476
24620677,1884-1918,1884,W3.7.,127.2,57.0,5.055,1.45,153.4,48.198642,16.377581
24620652,1884-1918,1884,W3.7.,50.6,59.7,8.384,1.45,183.35,48.198674,16.37722
24621051,1884-1918,1884,W2.3.,671.8,289.6,11.172,1.45,208.45,48.199136,16.377704
24620542,1884-1918,1884,W2.3.,121.2,46.7,4.246,1.45,146.11,48.199208,16.377899
24620580,1884-1918,1884,W2.3.,95.4,34.6,3.547,1.45,139.82,48.199108,16.377496
23598292,1884-1918,1884,W3.3.,173.4,70.1,5.322,1.45,155.8,48.206187,16.350562
23598937,1884-1918,1884,W3.3.,110.8,45.9,4.36,1.45,147.14,48.206001,16.350549
23596024,1884-1918,1884,W3.3.,215.6,60.8,4.141,1.45,145.17,48.206067,16.350533
23592902,1884-1918,1884,W3.2.,53.5,46.5,6.359,1.45,165.13,48.20474,16.348291
23591004,1884-1918,1884,W3.2.,240.8,78.6,5.068,1.45,153.51,48.204404,16.348277
23590954,1884-1918,1884,W3.2.,218.1,79.0,5.352,1.45,156.07,48.204648,16.348257
24715143,1884-1918,1884,W3.3.,393.7,144.8,7.297,1.45,173.57,48.206165,16.372255
24711859,1884-1918,1884,W3.3.,46.2,28.4,4.171,1.45,145.44,48.206082,16.372311
25450974,1946-1976,1946,W4.1.,323.4,108.7,6.044,1.3,153.0,48.207681,16.372052
25450973,1946-1976,1946,W4.1.,112.7,107.6,10.137,1.3,189.84,48.207736,16.372007
25450972,1946-1976,1946,W4.1.,90.3,111.2,11.708,1.3,203.97,48.207766,16.372044
25525477,1860-1883,1860,W3.2.,512.3,152.1,6.719,1.5,171.47,48.21302,16.362309
24790997,1741-1780,1741,W2.3.,425.6,124.4,6.032,1.5,165.29,48.209394,16.377531
25450445,1884-1918,1884,W3.9.,377.8,109.0,5.606,1.45,158.36,48.207156,16.371032
25450451,1884-1918,1884,W3.9.,90.9,37.6,3.943,1.45,143.39,48.20711,16.37148
24792308,1884-1918,1884,W3.7.,625.5,136.6,5.461,1.45,157.05,48.208908,16.381586
24800328,1884-1918,1884,W3.7.,407.3,94.1,4.664,1.45,149.87,48.208539,16.381258
24800329,1884-1918,1884,W3.7.,68.4,57.4,6.94,1.45,170.36,48.208586,16.381202
24800345,1884-1918,1884,W3.1.,349.9,107.6,5.751,1.45,159.66,48.208824,16.381157
24790971,1683-1740,1683,W2.1.,129.2,49.9,4.39,1.5,150.51,48.209486,16.377052
23247670,1884-1918,1884,W3.7.,375.0,108.9,5.621,1.45,158.49,48.187308,16.368226
24146300,1884-1918,1884,W3.7.,420.8,150.4,7.333,1.45,173.9,48.192614,16.368133
24148536,1884-1918,1884,W3.7.,71.6,36.9,4.363,1.45,147.17,48.192696,16.36804
24148540,1884-1918,1884,W3.7.,56.0,35.1,4.686,1.45,150.07,48.19272,16.367934
24148547,1884-1918,1884,W3.7.,42.1,29.7,4.573,1.45,149.06,48.192752,16.368042
24148530,1884-1918,1884,W3.7.,47.2,37.6,5.477,1.45,157.2,48.192628,16.368114
24150200,1884-1918,1884,W3.7.,850.7,162.7,5.577,1.45,158.09,48.195858,16.368435
24251141,1919-1945,1919,W3.1.,308.1,74.0,4.218,1.4,142.76,48.19778,16.365747
23247092,1884-1918,1884,W3.7.,539.7,115.8,4.984,1.45,152.76,48.187279,16.365792
23245144,1884-1918,1884,W3.7.,113.5,47.7,4.481,1.45,148.23,48.187224,16.365975
25450621,1884-1918,1884,W3.4.,344.2,110.6,5.962,1.45,161.56,48.205576,16.370864
24711828,1860-1883,1860,W3.4.,305.7,97.1,5.554,1.5,160.98,48.206595,16.371836
24711829,1860-1883,1860,W3.4.,244.2,113.3,7.249,1.5,176.24,48.206609,16.372059
24711834,1860-1883,1860,W3.4.,77.5,90.8,10.314,1.5,203.83,48.206597,16.372011
24711837,1860-1883,1860,W3.4.,82.2,39.0,4.3,1.5,149.7,48.206598,16.372046
24790897,1884-1918,1884,6.,613.3,138.6,5.596,1.45,158.27,48.209685,16.375275
24800324,1884-1918,1884,W3.1.,408.5,106.7,5.28,1.45,155.42,48.208407,16.380335
24796376,1884-1918,1884,W3.1.,49.9,26.9,3.805,1.45,142.15,48.208381,16.380192
24712228,1884-1918,1884,W3.7.,266.3,71.4,4.373,1.45,147.26,48.206938,16.376803
24621058,1884-1918,1884,4.,794.7,197.0,6.989,1.45,170.8,48.199892,16.376631
24621631,1884-1918,1884,4.,474.6,167.2,7.677,1.45,177.0,48.199915,16.376909
24620390,1884-1918,1884,4.,96.9,39.5,4.017,1.45,144.05,48.199902,16.376555
25405105,1860-1883,1860,W3.1.,64.2,35.6,4.44,1.5,150.96,48.210732,16.367093
25408625,1860-1883,1860,W3.1.,938.2,235.0,7.671,1.5,180.04,48.210607,16.367217
24149275,1884-1918,1884,W3.7.,666.0,156.9,6.079,1.45,162.61,48.197143,16.361756
24151743,1884-1918,1884,W3.7.,90.2,38.0,4.004,1.45,143.93,48.196979,16.361725
25547238,1781-1848,1781,W2.1.,249.5,66.0,4.178,1.5,148.61,48.196538,16.361226
25547244,1781-1848,1781,W2.1.,1069.4,291.5,8.914,1.5,191.22,48.196255,16.361024
27243894,1683-1740,1683,W2.5.,55.1,29.9,4.029,1.5,147.26,48.196847,16.376293
27243891,1683-1740,1683,W2.5.,100.8,40.8,4.063,1.5,147.56,48.196884,16.376408
27247678,1683-1740,1683,W2.5.,2491.4,459.8,9.212,1.5,193.9,48.196689,16.376077
27243919,1683-1740,1683,W2.5.,198.5,139.7,9.915,1.5,200.23,48.196292,16.376119
27243855,1683-1740,1683,W2.5.,161.6,51.0,4.011,1.5,147.1,48.197479,16.375572
27245417,1683-1740,1683,W2.5.,60.9,31.3,4.006,1.5,147.05,48.19712,16.377371
27245418,1683-1740,1683,W2.5.,54.7,30.3,4.094,1.5,147.85,48.197169,16.377503
27247657,1683-1740,1683,W2.5.,99.5,49.8,4.998,1.5,155.98,48.197199,16.377827
27245975,1683-1740,1683,W2.5.,266.3,90.9,5.569,1.5,161.12,48.197497,16.377707
27245979,1683-1740,1683,W2.5.,42.7,26.7,4.085,1.5,147.76,48.197699,16.37762
27245994,1683-1740,1683,W2.5.,206.8,64.1,4.46,1.5,151.14,48.19782,16.377464
27246013,1683-1740,1683,W2.5.,159.8,50.2,3.968,1.5,146.72,48.197953,16.377408
27245415,1683-1740,1683,W2.5.,1158.3,212.4,6.24,1.5,167.16,48.196956,16.376918
27245937,1683-1740,1683,W2.5.,135.6,66.0,5.67,1.5,162.03,48.196837,16.376995
27247622,1683-1740,1683,W2.5.,494.7,155.1,6.973,1.5,173.76,48.19651,16.378157
27247474,1683-1740,1683,W2.5.,109.3,50.3,4.812,1.5,154.3,48.196201,16.378337
27247712,1683-1740,1683,W2.5.,1281.8,258.3,7.216,1.5,175.94,48.197187,16.377729
27245410,1683-1740,1683,W2.5.,139.3,47.3,4.007,1.5,147.06,48.196913,16.376949
27247641,1683-1740,1683,W2.5.,153.9,49.7,4.005,1.5,147.04,48.197059,16.376865
24250255,1919-1945,1919,W3.1.,305.8,73.8,4.22,1.4,142.78,48.197576,16.365646
24250400,1849-1859,1849,W3.1.,298.1,105.2,6.094,1.5,165.85,48.197633,16.366588
25415733,1919-1945,1919,W4.1.,103.9,106.8,10.48,1.4,199.12,48.199144,16.381344
25416439,1919-1945,1919,W4.1.,311.4,114.8,6.508,1.4,163.37,48.199206,16.381414
24521847,1919-1945,1919,W4.1.,89.5,52.8,5.583,1.4,155.05,48.199212,16.38142
24521883,1919-1945,1919,W4.1.,256.1,101.9,6.37,1.4,162.13,48.200737,16.381322
24517978,1919-1945,1919,W4.1.,177.7,69.3,5.195,1.4,151.56,48.200792,16.381277
24517975,1919-1945,1919,W4.1.,427.2,138.9,6.721,1.4,165.29,48.200672,16.381548
24517995,1919-1945,1919,W4.1.,49.2,28.4,4.047,1.4,141.22,48.200707,16.381513
24517984,1919-1945,1919,W4.1.,415.4,118.2,5.801,1.4,157.01,48.200638,16.381069
24517998,1919-1945,1919,W4.1.,49.1,28.4,4.048,1.4,141.24,48.200654,16.381149
27244375,1946-1976,1946,6.,148.2,49.1,4.034,1.3,134.9,48.195482,16.382853
27244362,1946-1976,1946,6.,50.8,70.6,9.911,1.3,187.8,48.195563,16.382827
27244364,1946-1976,1946,6.,54.1,29.6,4.028,1.3,134.85,48.195563,16.382836
27247405,1946-1976,1946,6.,123.3,46.2,4.159,1.3,136.03,48.195687,16.382718
27247309,1946-1976,1946,6.,764.1,229.9,8.315,1.3,173.44,48.194778,16.382635
27247239,1946-1976,1946,6.,75.2,38.0,4.383,1.3,138.05,48.194604,16.382677
27247298,1946-1976,1946,6.,168.5,124.1,9.56,1.3,184.64,48.194748,16.382645
27247297,1946-1976,1946,6.,113.8,43.8,4.105,1.3,135.55,48.194888,16.382683
27244371,1946-1976,1946,6.,243.7,64.7,4.142,1.3,135.87,48.195469,16.38244
27247412,1946-1976,1946,6.,1166.4,242.7,7.107,1.3,162.56,48.19558,16.38276
27244184,1946-1976,1946,6.,179.8,56.8,4.239,1.3,136.75,48.193223,16.382926
27244182,1946-1976,1946,6.,187.1,59.0,4.316,1.3,137.45,48.193232,16.382618
27244183,1946-1976,1946,6.,96.0,44.0,4.495,1.3,139.05,48.193244,16.382393
27244995,1946-1976,1946,6.,314.3,83.2,4.691,1.3,140.82,48.195906,16.382508
25545558,1884-1918,1884,W3.7.,458.8,133.6,6.237,1.45,164.04,48.190279,16.365965
24251047,1781-1848,1781,5.,71.5,34.7,4.099,1.5,147.89,48.198777,16.368904
26787853,1781-1848,1781,5.,425.7,94.2,4.567,1.5,152.1,48.198914,16.368977
24251420,1781-1848,1781,5.,81.7,105.7,11.703,1.5,216.33,48.199151,16.369198
24252640,1781-1848,1781,5.,179.0,65.6,4.903,1.5,155.13,48.198935,16.369172
24251467,1781-1848,1781,5.,132.5,46.1,4.005,1.5,147.05,48.199126,16.369205
24251075,1781-1848,1781,5.,43.6,30.4,4.602,1.5,152.42,48.198653,16.369348
24251019,1781-1848,1781,5.,545.9,105.6,4.519,1.5,151.67,48.198814,16.3703
24251001,1781-1848,1781,5.,532.9,92.6,4.01,1.5,147.09,48.198938,16.369908
24250978,1781-1848,1781,5.,542.3,105.2,4.517,1.5,151.66,48.199056,16.36948
24250996,1781-1848,1781,5.,46.4,46.4,6.814,1.5,172.33,48.199016,16.369943
24252614,1781-1848,1781,5.,2785.4,524.7,9.941,1.5,200.47,48.198388,16.369625
24250350,1781-1848,1781,5.,71.5,36.7,4.336,1.5,150.02,48.19822,16.369651
24250332,1781-1848,1781,5.,122.0,46.4,4.202,1.5,148.82,48.198286,16.36968
24250320,1781-1848,1781,5.,75.3,37.3,4.295,1.5,149.65,48.198344,16.369749
24251243,1781-1848,1781,5.,60.7,32.9,4.224,1.5,149.02,48.198395,16.36978
24252611,1781-1848,1781,5.,380.2,86.6,4.442,1.5,150.97,48.198201,16.370076
24252615,1781-1848,1781,5.,1475.4,275.2,7.165,1.5,175.49,48.198155,16.370327
24254250,1781-1848,1781,5.,43.4,34.2,5.194,1.5,157.74,48.19833,16.37017
24252601,1781-1848,1781,5.,45.1,27.6,4.105,1.5,147.95,48.198155,16.370266
24251064,1781-1848,1781,5.,354.5,79.3,4.211,1.5,148.9,48.198637,16.370328
24251050,1781-1848,1781,5.,170.5,53.6,4.107,1.5,147.96,48.198781,16.370592
24251060,1781-1848,1781,5.,472.1,110.0,5.063,1.5,156.56,48.198598,16.37068
24250374,1781-1848,1781,5.,348.5,143.6,7.694,1.5,180.25,48.197981,16.369503
24715899,1884-1918,1884,W3.7.,386.2,133.7,6.805,1.45,169.15,48.206987,16.371936
24711818,1884-1918,1884,W3.7.,63.4,36.3,4.555,1.45,148.89,48.206895,16.371922
24518147,1884-1918,1884,W3.1.,41.4,26.4,4.095,1.45,144.76,48.199722,16.384206
24518153,1884-1918,1884,W3.1.,153.5,60.4,4.878,1.45,151.8,48.199613,16.384007
24518151,1884-1918,1884,W3.1.,157.5,81.2,6.468,1.45,166.12,48.199649,16.384142
24144807,Vor 1683,1683,W2.5.,43.0,27.1,4.134,1.5,148.21,48.193916,16.371244
24146009,Vor 1683,1683,W2.5.,173.5,65.3,4.956,1.5,155.6,48.194206,16.3706
24167580,Vor 1683,1683,W2.5.,747.7,142.9,5.226,1.5,158.03,48.194397,16.370446
24144222,Vor 1683,1683,W2.5.,59.0,36.2,4.716,1.5,153.44,48.193502,16.37171
24144693,Vor 1683,1683,W2.5.,675.0,126.8,4.882,1.5,154.93,48.193804,16.371429
24144241,Vor 1683,1683,W2.5.,509.9,107.8,4.773,1.5,153.96,48.191922,16.371308
24144239,Vor 1683,1683,W2.5.,84.6,46.6,5.07,1.5,156.63,48.192318,16.371319
24144238,Vor 1683,1683,W2.5.,184.1,57.3,4.221,1.5,148.99,48.192376,16.371548
24144237,Vor 1683,1683,W2.5.,55.8,47.0,6.291,1.5,167.62,48.192374,16.371681
24144221,Vor 1683,1683,W2.5.,1062.2,153.6,4.714,1.5,153.42,48.193445,16.371393
24144266,Vor 1683,1683,W2.5.,53.0,29.1,4.003,1.5,147.03,48.191257,16.371558
24145523,1884-1918,1884,W3.3.,624.7,146.5,5.861,1.45,160.65,48.194661,16.370208
23531969,1884-1918,1884,W3.3.,90.5,41.0,4.313,1.45,146.71,48.19889,16.350516
23530549,1884-1918,1884,W3.3.,187.8,73.9,5.393,1.45,156.44,48.198742,16.350094
23530553,1884-1918,1884,W3.3.,252.6,82.6,5.196,1.45,154.66,48.198815,16.350306
23531798,1884-1918,1884,W3.3.,51.5,30.3,4.223,1.45,145.91,48.198813,16.350504
23512438,1884-1918,1884,W3.3.,64.5,50.1,6.235,1.45,164.02,48.201606,16.341353
23512286,1884-1918,1884,W3.3.,128.9,61.5,5.419,1.45,156.67,48.201658,16.341438
23516410,1884-1918,1884,W3.3.,328.7,101.3,5.585,1.45,158.17,48.201194,16.341434
23509127,1884-1918,1884,W3.3.,93.8,40.7,4.201,1.45,145.71,48.201356,16.341332
23509078,1884-1918,1884,W3.3.,240.2,71.7,4.627,1.45,149.54,48.201474,16.341445
23508997,1884-1918,1884,W3.3.,142.4,55.3,4.637,1.45,149.63,48.201752,16.341458
23512285,1884-1918,1884,W3.3.,70.4,68.1,8.115,1.45,180.94,48.201573,16.341433
24714363,1884-1918,1884,W3.7.,541.1,142.2,6.112,1.45,162.9,48.207361,16.372786
24714357,1884-1918,1884,W3.3.,373.3,119.2,6.172,1.45,163.44,48.207281,16.373328
24790973,1683-1740,1683,W2.4.,639.5,145.9,5.768,1.5,162.91,48.209425,16.378122
24803945,1683-1740,1683,W2.4.,84.9,37.5,4.068,1.5,147.61,48.209569,16.377989
24796407,1741-1780,1741,W2.2.,193.4,58.1,4.18,1.5,148.62,48.209472,16.376516
24796408,1741-1780,1741,W2.2.,98.7,78.4,7.895,1.5,182.05,48.209542,16.376583
24790523,1884-1918,1884,W3.7.,296.8,78.0,4.528,1.45,148.66,48.211347,16.375015
25407545,1884-1918,1884,6.,1520.0,288.3,7.395,1.45,174.46,48.211667,16.3662
25407015,1884-1918,1884,6.,46.8,28.4,4.149,1.45,145.24,48.211648,16.366566
25407013,1884-1918,1884,6.,122.7,44.5,4.018,1.45,144.07,48.211587,16.366349
23783286,1946-1976,1946,5.,262.3,150.8,9.309,1.3,182.38,48.21415,16.365372
23782132,1946-1976,1946,5.,42.6,26.5,4.062,1.3,135.16,48.214059,16.365242
23783244,1946-1976,1946,5.,257.8,160.0,9.966,1.3,188.29,48.213814,16.36471
23783888,1946-1976,1946,5.,1118.5,274.0,8.194,1.3,172.35,48.213952,16.365099
23783293,1946-1976,1946,5.,78.6,97.4,10.991,1.3,197.52,48.214071,16.364922
23782131,1946-1976,1946,5.,189.2,83.4,6.061,1.3,153.15,48.214061,16.364921
23782138,1946-1976,1946,5.,40.5,25.9,4.065,1.3,135.18,48.21388,16.364886
23782951,1946-1976,1946,5.,181.2,82.8,6.154,1.3,153.99,48.213877,16.365173
23783889,1946-1976,1946,5.,56.9,30.3,4.015,1.3,134.74,48.214207,16.365041
23783292,1946-1976,1946,5.,56.0,71.1,9.498,1.3,184.08,48.213852,16.365185
23534812,1884-1918,1884,W3.2.,357.3,119.9,6.344,1.45,165.0,48.199919,16.352477
23530152,1884-1918,1884,W3.2.,53.4,29.4,4.027,1.45,144.14,48.19976,16.352348
23532035,1884-1918,1884,W3.2.,97.5,51.7,5.24,1.45,155.06,48.199934,16.35231
23534711,1884-1918,1884,W3.3.,224.5,68.8,4.595,1.45,149.25,48.199285,16.351601
23534692,1884-1918,1884,W3.3.,242.8,87.5,5.615,1.45,158.44,48.199171,16.351691
23527958,1884-1918,1884,W3.3.,360.3,104.0,5.48,1.45,157.22,48.199539,16.351362
23530361,1884-1918,1884,W3.3.,72.0,41.8,4.922,1.45,152.2,48.199431,16.351482
25525197,1884-1918,1884,W3.2.,118.0,45.1,4.154,1.45,145.28,48.213117,16.354332
25529090,1884-1918,1884,W3.2.,71.1,40.2,4.767,1.45,150.8,48.213167,16.354426
25525195,1884-1918,1884,W3.2.,158.3,61.8,4.91,1.45,152.09,48.213087,16.354207
24712165,1884-1918,1884,W3.2.,372.9,110.3,5.712,1.45,159.3,48.207209,16.37362
24712194,1884-1918,1884,W3.2.,75.7,39.0,4.479,1.45,148.21,48.207149,16.373509
24796497,1884-1918,1884,W3.7.,530.1,117.8,5.117,1.45,153.95,48.211575,16.375625
25548449,1884-1918,1884,W3.1.,570.1,178.3,7.467,1.45,175.1,48.213844,16.367365
25548622,1884-1918,1884,W3.1.,53.0,29.6,4.073,1.45,144.56,48.213863,16.367542
27059923,1919-1945,1919,W4.1.,357.2,126.9,6.714,1.4,165.22,48.20005,16.377932
27059908,1919-1945,1919,W4.1.,127.8,57.2,5.063,1.4,150.36,48.199789,16.377683
27058598,1919-1945,1919,W4.1.,48.5,35.5,5.099,1.4,150.69,48.199856,16.377624
24620629,1884-1918,1884,4.,220.7,80.5,5.419,1.45,156.67,48.198775,16.373986
24621968,1884-1918,1884,4.,85.5,35.1,3.798,1.45,142.08,48.198774,16.374017
24620612,1884-1918,1884,4.,1050.7,222.0,6.848,1.45,169.53,48.198727,16.374408
24620646,1884-1918,1884,4.,157.9,83.5,6.642,1.45,167.68,48.198723,16.374467
24149642,1884-1918,1884,W3.2.,251.0,79.5,5.018,1.45,153.06,48.195131,16.36432
24712156,1781-1848,1781,W2.3.,579.5,136.5,5.669,1.5,162.02,48.20722,16.374437
24715906,1884-1918,1884,W3.3.,455.5,114.4,5.361,1.45,156.15,48.207504,16.372551
24332058,1884-1918,1884,W3.1.,1020.9,224.3,7.02,1.45,171.08,48.197626,16.390012
24332022,1884-1918,1884,W3.1.,44.5,30.0,4.492,1.45,148.33,48.197729,16.389955
24327420,1884-1918,1884,W3.1.,393.1,88.1,4.443,1.45,147.88,48.197989,16.388969
23837295,1884-1918,1884,W3.7.,40.8,25.5,3.987,1.45,143.79,48.197161,16.381479
23841412,1884-1918,1884,W3.7.,694.0,178.3,6.767,1.45,168.8,48.197146,16.38147
23841404,1884-1918,1884,W3.7.,48.6,33.0,4.731,1.45,150.48,48.197125,16.381607
24792215,1884-1918,1884,4.,982.7,275.3,8.782,1.45,186.93,48.209661,16.381747
24792248,1884-1918,1884,4.,133.6,52.4,4.533,1.45,148.69,48.209549,16.381494
24792241,1884-1918,1884,4.,82.4,43.4,4.783,1.45,150.95,48.209655,16.381545
24792252,1884-1918,1884,4.,281.1,78.5,4.679,1.45,150.01,48.209454,16.381666
24792231,1884-1918,1884,4.,463.3,178.3,8.284,1.45,182.46,48.209672,16.381694
24792243,1884-1918,1884,4.,185.7,54.6,4.004,1.45,143.94,48.209633,16.381749
24800410,1884-1918,1884,4.,66.5,32.7,4.011,1.45,144.0,48.209736,16.381925
24255223,1884-1918,1884,W3.7.,162.9,52.7,4.128,1.45,145.05,48.19771,16.359399
24255746,1884-1918,1884,W3.7.,695.7,165.5,6.276,1.45,164.38,48.197633,16.359615
24256257,1884-1918,1884,W3.7.,48.0,79.6,11.483,1.45,211.25,48.197546,16.359796
24255225,1884-1918,1884,W3.7.,43.1,23.3,3.546,1.45,139.81,48.197636,16.35954
24255743,1884-1918,1884,W3.7.,49.2,26.2,3.737,1.45,141.53,48.19757,16.359811
23512437,1884-1918,1884,W3.3.,220.3,90.4,6.089,1.45,162.7,48.201578,16.341126
23509080,1884-1918,1884,W3.3.,55.6,32.1,4.304,1.45,146.64,48.201498,16.341237
23508994,1884-1918,1884,W3.3.,235.9,70.6,4.596,1.45,149.26,48.201725,16.341145
25662662,1884-1918,1884,W3.4.,41.6,27.9,4.324,1.45,146.82,48.202239,16.344481
25662646,1884-1918,1884,W3.4.,47.0,27.6,4.026,1.45,144.13,48.202351,16.344604
25662644,1884-1918,1884,W3.4.,45.9,29.2,4.303,1.45,146.62,48.202347,16.344401
25676126,1884-1918,1884,W3.4.,425.3,200.6,9.725,1.45,195.43,48.202166,16.344487
25662722,1884-1918,1884,W3.4.,225.3,64.6,4.305,1.45,146.65,48.201956,16.344497
25662699,1884-1918,1884,W3.4.,78.5,44.8,5.051,1.45,153.36,48.202025,16.344485
24536314,1919-1945,1919,W3.2.,419.8,117.2,5.721,1.4,156.29,48.200217,16.383082
25406966,1884-1918,1884,W3.1.,87.1,54.0,5.786,1.45,159.98,48.210211,16.367793
27031543,1946-1976,1946,W4.1.,93.4,40.0,4.136,1.3,135.83,48.211265,16.373599
27031541,1946-1976,1946,W4.1.,76.5,43.8,5.005,1.3,143.64,48.211354,16.373704
27032402,1946-1976,1946,W4.1.,67.9,34.2,4.146,1.3,135.92,48.21123,16.373749
25548387,1884-1918,1884,W3.7.,1253.2,281.6,7.955,1.45,179.5,48.212913,16.367723
25547846,1884-1918,1884,W3.7.,96.3,44.0,4.485,1.45,148.27,48.212717,16.367638
25547956,1884-1918,1884,W3.7.,60.1,39.8,5.134,1.45,154.11,48.212763,16.36768
25534353,1860-1883,1860,W3.1.,124.5,45.0,4.037,1.5,147.33,48.211932,16.358115
25533497,1860-1883,1860,W3.1.,97.9,42.3,4.273,1.5,149.46,48.211889,16.357953
25533498,1860-1883,1860,W3.1.,364.6,197.6,10.347,1.5,204.12,48.21174,16.358191
25533500,1860-1883,1860,W3.1.,762.6,215.7,7.812,1.5,181.31,48.211851,16.358063
25532877,1860-1883,1860,W3.1.,94.2,40.6,4.185,1.5,148.67,48.211853,16.358222
23245312,1884-1918,1884,W3.1.,114.5,71.4,6.672,1.45,167.95,48.186744,16.368727
23245314,1884-1918,1884,W3.1.,88.6,61.3,6.513,1.45,166.52,48.186772,16.368671
23245308,1884-1918,1884,W3.1.,68.9,53.2,6.405,1.45,165.55,48.186813,16.368759
24332114,1919-1945,1919,W4.1.,220.6,79.7,5.363,1.4,153.07,48.19868,16.388953
24332110,1919-1945,1919,W4.1.,221.1,79.6,5.353,1.4,152.98,48.198464,16.388951
24518506,1884-1918,1884,W3.3.,234.5,75.5,4.93,1.45,152.27,48.198802,16.386773
24518490,1884-1918,1884,W3.3.,279.3,85.9,5.141,1.45,154.17,48.198905,16.386743
24518504,1884-1918,1884,W3.3.,256.1,74.1,4.632,1.45,149.59,48.198814,16.386465
24518487,1884-1918,1884,W3.3.,277.7,85.2,5.113,1.45,153.92,48.198929,16.386498
24255120,1884-1918,1884,W3.9.,53.8,35.8,4.882,1.45,151.84,48.198051,16.358541
24255257,1884-1918,1884,W3.9.,1165.2,232.2,6.802,1.45,169.12,48.198332,16.358699
24256353,1884-1918,1884,W3.9.,110.5,45.9,4.365,1.45,147.19,48.19832,16.358495
24255131,1884-1918,1884,W3.3.,284.5,79.6,4.72,1.45,150.38,48.197713,16.358718
24255141,1884-1918,1884,W3.3.,215.4,62.2,4.24,1.45,146.06,48.197598,16.358805
24255708,1884-1918,1884,W3.3.,212.2,115.8,7.946,1.45,179.42,48.197453,16.358887
24255742,1884-1918,1884,W3.3.,67.0,40.4,4.94,1.45,152.36,48.19744,16.358874
25450437,1884-1918,1884,W3.1.,379.4,98.0,5.033,1.45,153.2,48.20718,16.369816
25450470,1884-1918,1884,W3.2.,247.6,85.7,5.449,1.45,156.94,48.206996,16.369657
23783916,1860-1883,1860,6.,138.6,52.5,4.458,1.5,151.12,48.213066,16.366297
23782415,1860-1883,1860,6.,692.5,131.3,4.991,1.5,155.92,48.21332,16.366206
23782423,1860-1883,1860,6.,81.3,36.5,4.05,1.5,147.45,48.213216,16.366158
23783962,1860-1883,1860,6.,618.6,177.7,7.146,1.5,175.32,48.212841,16.366285
23783963,1860-1883,1860,6.,461.6,94.0,4.376,1.5,150.38,48.212906,16.366358
23783967,1860-1883,1860,6.,273.2,84.8,5.134,1.5,157.2,48.213061,16.366584
25449990,Nach 1976,1976,6.,1377.7,357.0,9.618,0.7,147.96,48.202452,16.371309
25450014,Nach 1976,1976,6.,44.6,36.5,5.465,0.7,110.58,48.202383,16.370857
25450002,Nach 1976,1976,6.,448.8,96.1,4.534,0.7,102.21,48.202488,16.371274
25449978,Nach 1976,1976,6.,62.8,35.4,4.464,0.7,101.58,48.202733,16.371099
25452466,Nach 1976,1976,6.,86.5,65.5,7.043,0.7,124.78,48.202401,16.371609
25454226,Nach 1976,1976,6.,71.2,33.9,4.023,0.7,97.6,48.202372,16.371719
25454229,Nach 1976,1976,6.,60.1,91.1,11.744,0.7,167.09,48.20235,16.371823
25450025,Nach 1976,1976,6.,123.1,44.9,4.048,0.7,97.84,48.20229,16.371297
25450030,Nach 1976,1976,6.,80.6,69.5,7.744,0.7,131.1,48.202255,16.371461
25449996,Nach 1976,1976,6.,62.0,36.2,4.594,0.7,102.75,48.202657,16.371441
23530585,1884-1918,1884,W3.7.,591.2,130.2,5.356,1.45,156.1,48.199232,16.349212
23534292,1884-1918,1884,W3.7.,505.0,146.1,6.503,1.45,166.43,48.197596,16.346718
23531717,1884-1918,1884,W3.7.,212.7,80.5,5.522,1.45,157.6,48.197886,16.346609
23528706,1884-1918,1884,W3.7.,544.7,118.1,5.059,1.45,153.43,48.197519,16.346305
23528696,1884-1918,1884,W3.7.,236.2,83.7,5.448,1.45,156.94,48.197782,16.346142
23531702,1884-1918,1884,W3.7.,88.9,38.2,4.047,1.45,144.33,48.197724,16.346259
23531711,1884-1918,1884,W3.7.,90.6,39.0,4.096,1.45,144.76,48.197804,16.346585
23528695,1884-1918,1884,W3.7.,305.6,77.8,4.448,1.45,147.93,48.19783,16.346401
24620468,1884-1918,1884,W3.7.,684.1,128.1,4.9,1.45,152.0,48.199239,16.375056
25450448,1884-1918,1884,W3.7.,103.0,58.7,5.79,1.45,160.01,48.207191,16.368939
25450425,1884-1918,1884,W3.7.,417.0,162.6,7.965,1.45,179.58,48.207176,16.368776
25450427,1884-1918,1884,W3.7.,115.7,59.4,5.525,1.45,157.63,48.207292,16.368683
25899058,1884-1918,1884,W3.2.,331.7,99.9,5.484,1.45,157.26,48.19804,16.378311
24800092,1884-1918,1884,W3.4.,329.1,131.5,7.247,1.45,173.13,48.2112,16.377794
25405370,1884-1918,1884,W3.7.,757.5,313.5,11.39,1.45,210.41,48.20877,16.370462
25405436,1884-1918,1884,W3.7.,99.7,41.0,4.102,1.45,144.82,48.208799,16.370508
25405379,1884-1918,1884,W3.7.,112.9,42.5,4.0,1.45,143.9,48.208938,16.370522
25405404,1884-1918,1884,W3.7.,100.6,40.7,4.061,1.45,144.45,48.208871,16.370595
25561659,1884-1918,1884,W3.1.,579.8,123.4,5.125,1.45,154.02,48.194477,16.362044
24151656,1884-1918,1884,W3.2.,178.6,61.8,4.625,1.45,149.52,48.194721,16.363953
23518384,1884-1918,1884,W3.2.,494.4,176.5,7.937,1.45,179.34,48.197203,16.343798
25405492,1884-1918,1884,W3.3.,105.0,43.3,4.226,1.45,145.94,48.208595,16.36757
25405505,1884-1918,1884,W3.3.,156.1,82.5,6.602,1.45,167.31,48.208486,16.367685
24800015,1781-1848,1781,W2.3.,824.8,169.2,5.893,1.5,164.03,48.210461,16.377088
24795852,1781-1848,1781,W2.4.,1347.3,239.2,6.517,1.5,169.66,48.211894,16.374855
24801036,1781-1848,1781,W2.4.,230.3,106.3,7.001,1.5,174.01,48.211971,16.374908
24800851,1781-1848,1781,W2.4.,65.8,32.4,4.001,1.5,147.0,48.211937,16.374917
24800133,1946-1976,1946,W3.4.,365.0,128.8,6.743,1.3,159.29,48.211508,16.376608
24790454,1946-1976,1946,W3.4.,53.8,75.1,10.242,1.3,190.78,48.211611,16.376636
24790477,1946-1976,1946,W3.4.,474.1,151.1,6.94,1.3,161.06,48.211431,16.376603
24800047,1884-1918,1884,W3.7.,100.7,65.9,6.568,1.45,167.01,48.210953,16.377986
24800036,1884-1918,1884,W3.7.,83.9,73.0,7.972,1.45,179.65,48.210832,16.378039
24800042,1884-1918,1884,W3.7.,63.8,45.9,5.75,1.45,159.65,48.210895,16.378069
24800045,1884-1918,1884,W3.7.,164.3,94.8,7.396,1.45,174.46,48.210887,16.377808
24800029,1884-1918,1884,W3.7.,165.0,98.2,7.648,1.45,176.73,48.210688,16.377862
24800023,1884-1918,1884,W3.7.,359.4,126.2,6.657,1.45,167.81,48.210651,16.377932
25558772,1781-1848,1781,W2.1.,703.8,166.7,6.284,1.5,167.55,48.195552,16.360684
26812123,1884-1918,1884,W3.7.,41.0,26.5,4.133,1.45,145.1,48.202477,16.389884
26809265,1884-1918,1884,W3.7.,551.0,186.5,7.947,1.45,179.42,48.202448,16.389945
26809271,1884-1918,1884,W3.7.,340.7,166.4,9.014,1.45,189.02,48.20246,16.389889
26809283,1884-1918,1884,W3.3.,465.4,151.2,7.008,1.45,170.98,48.201827,16.389014
26812110,1884-1918,1884,W3.1.,360.6,90.1,4.746,1.45,150.61,48.201649,16.388566
25405595,1884-1918,1884,W3.7.,354.8,84.7,4.498,1.45,148.39,48.207958,16.370664
23245588,1884-1918,1884,W3.2.,225.2,74.0,4.933,1.45,152.29,48.185711,16.369319
23252877,1884-1918,1884,W3.3.,549.5,175.9,7.504,1.45,175.44,48.186236,16.369124
23247564,1884-1918,1884,W3.3.,51.0,28.7,4.024,1.45,144.12,48.186208,16.369116
23252876,1884-1918,1884,W3.3.,554.5,175.6,7.456,1.45,175.0,48.186055,16.369277
23247562,1884-1918,1884,W3.3.,51.6,28.9,4.021,1.45,144.09,48.186035,16.369263
23247656,1884-1918,1884,W3.3.,301.1,78.6,4.529,1.45,148.66,48.187071,16.365976
23245160,1884-1918,1884,W3.3.,210.8,59.4,4.094,1.45,144.75,48.187145,16.36613
25140950,1946-1976,1946,Keine Angabe,724.9,173.5,6.445,1.3,156.61,48.185818,16.383597
25137277,1946-1976,1946,Keine Angabe,1509.5,221.3,5.697,1.3,149.87,48.185971,16.384079
25137275,1946-1976,1946,Keine Angabe,196.7,56.1,4.001,1.3,134.61,48.185891,16.383941
23454489,1919-1945,1919,Keine Angabe,1415.1,338.8,9.006,1.4,185.85,48.186858,16.39963
23454490,1919-1945,1919,Keine Angabe,696.0,177.7,6.736,1.4,165.42,48.18711,16.399251
23454493,1919-1945,1919,Keine Angabe,527.9,126.8,5.519,1.4,154.47,48.18756,16.399258
23454140,1919-1945,1919,Keine Angabe,255.8,70.1,4.386,1.4,144.27,48.187634,16.398971
23454176,1919-1945,1919,Keine Angabe,198.2,58.1,4.127,1.4,141.94,48.1874,16.398628
23454148,1919-1945,1919,Keine Angabe,187.0,66.8,4.887,1.4,148.79,48.187503,16.398753
23454189,1919-1945,1919,Keine Angabe,198.8,58.2,4.125,1.4,141.92,48.187162,16.398339
23454180,1919-1945,1919,Keine Angabe,188.1,67.9,4.953,1.4,149.38,48.187259,16.398446
23454228,1919-1945,1919,Keine Angabe,1564.3,342.7,8.665,1.4,182.78,48.18642,16.397822
23454212,1919-1945,1919,Keine Angabe,203.0,58.8,4.126,1.4,141.93,48.186907,16.397993
23454196,1919-1945,1919,Keine Angabe,187.6,68.0,4.964,1.4,149.48,48.187025,16.398146
23454224,1919-1945,1919,Keine Angabe,436.3,106.3,5.089,1.4,150.6,48.186623,16.398554
23454200,1919-1945,1919,Keine Angabe,475.5,114.5,5.253,1.4,152.07,48.18685,16.398739
23454217,1919-1945,1919,Keine Angabe,184.9,67.6,4.974,1.4,149.57,48.186799,16.397846
23248305,1884-1918,1884,W3.7.,635.4,161.4,6.403,1.45,165.53,48.186932,16.366149
23248896,1884-1918,1884,W3.3.,136.1,57.3,4.912,1.45,152.11,48.189245,16.376891
26636058,1884-1918,1884,W3.3.,583.8,141.1,5.838,1.45,160.44,48.189184,16.376547
23383736,1884-1918,1884,W3.4.,44.6,56.1,8.401,1.45,183.51,48.189831,16.380203
23391928,1884-1918,1884,W3.4.,441.4,153.8,7.322,1.45,173.8,48.189823,16.37999
23383742,1884-1918,1884,W3.4.,94.1,48.0,4.946,1.45,152.41,48.189854,16.379788
23390483,1884-1918,1884,W3.4.,92.3,48.5,5.047,1.45,153.32,48.189719,16.379862
19218720,1884-1918,1884,Keine Angabe,49.2,32.8,4.682,1.45,150.04,48.187226,16.363545
19219043,1884-1918,1884,Keine Angabe,402.1,141.4,7.052,1.45,171.37,48.187296,16.363702
23428218,1946-1976,1946,Keine Angabe,208.4,110.4,7.646,1.3,167.41,48.182537,16.389046
23428219,1946-1976,1946,Keine Angabe,432.0,95.5,4.595,1.3,139.96,48.182498,16.388862
23428211,1946-1976,1946,Keine Angabe,299.4,73.2,4.233,1.3,136.7,48.182511,16.389385
23428184,1946-1976,1946,Keine Angabe,775.3,111.7,4.01,1.3,134.69,48.182635,16.389636
23428092,1946-1976,1946,Keine Angabe,1136.8,404.2,11.989,1.3,206.5,48.183211,16.390244
23428190,1946-1976,1946,Keine Angabe,202.2,57.6,4.053,1.3,135.08,48.182692,16.389166
23428155,1946-1976,1946,Keine Angabe,924.5,123.2,4.053,1.3,135.08,48.182856,16.389999
23428140,1946-1976,1946,Keine Angabe,1616.2,174.1,4.33,1.3,137.57,48.18298,16.389543
23428141,1946-1976,1946,Keine Angabe,773.6,111.6,4.012,1.3,134.71,48.183043,16.390332
23428114,1946-1976,1946,Keine Angabe,719.8,117.8,4.39,1.3,138.11,48.18333,16.389976
23428257,1946-1976,1946,Keine Angabe,116.9,43.3,4.001,1.3,134.61,48.182299,16.38881
23428267,1946-1976,1946,Keine Angabe,55.0,32.1,4.323,1.3,137.5,48.182249,16.388872
23428231,1946-1976,1946,Keine Angabe,1290.6,145.5,4.05,1.3,135.05,48.182273,16.389121
23428274,1946-1976,1946,Keine Angabe,206.5,59.5,4.138,1.3,135.84,48.182157,16.388985
23429988,1946-1976,1946,Keine Angabe,322.2,202.0,11.255,1.3,199.89,48.181941,16.389423
23429987,1946-1976,1946,Keine Angabe,788.9,121.8,4.335,1.3,137.62,48.181911,16.38946
23428061,1946-1976,1946,Keine Angabe,681.0,105.9,4.06,1.3,135.14,48.183818,16.391964
23428112,1946-1976,1946,Keine Angabe,6162.1,524.6,6.683,1.3,158.75,48.18275,16.390923
23428162,1946-1976,1946,Keine Angabe,786.7,286.1,10.2,1.3,190.4,48.182576,16.390322
23428106,1946-1976,1946,Keine Angabe,2576.2,427.4,8.421,1.3,174.39,48.182909,16.390484
23428123,1946-1976,1946,Keine Angabe,351.1,132.2,7.056,1.3,162.1,48.183245,16.391531
23428120,1946-1976,1946,Keine Angabe,924.9,123.4,4.059,1.3,135.13,48.183238,16.39068
23428100,1946-1976,1946,Keine Angabe,766.5,111.1,4.013,1.3,134.71,48.183477,16.390987
23428083,1946-1976,1946,Keine Angabe,1624.0,174.5,4.331,1.3,137.58,48.183542,16.390628
23428094,1946-1976,1946,Keine Angabe,408.3,82.9,4.101,1.3,135.51,48.183573,16.391195
23428084,1946-1976,1946,Keine Angabe,817.8,114.8,4.013,1.3,134.72,48.183664,16.391693
23428034,1946-1976,1946,Keine Angabe,1519.9,222.2,5.7,1.3,149.9,48.183907,16.391191
23428074,1946-1976,1946,Keine Angabe,264.1,67.4,4.145,1.3,135.9,48.183784,16.391771
23393670,1781-1848,1781,W2.1.,278.6,72.2,4.323,1.5,149.91,48.189603,16.374246
23398495,1781-1848,1781,W2.1.,103.6,48.1,4.725,1.5,153.53,48.189741,16.374391
23245158,1884-1918,1884,W3.3.,644.4,160.0,6.303,1.45,164.63,48.187087,16.368334
27070638,1884-1918,1884,Keine Angabe,186.8,57.8,4.233,1.45,145.99,48.174498,16.398892
27070637,1884-1918,1884,Keine Angabe,239.9,67.9,4.386,1.45,147.37,48.174624,16.398918
25687086,1884-1918,1884,W5.1.,57.6,30.3,4.0,1.45,143.9,48.17244,16.389138
26265080,1946-1976,1946,Keine Angabe,189.1,57.5,4.181,1.3,136.22,48.174255,16.391387
26265056,1946-1976,1946,Keine Angabe,397.4,96.0,4.814,1.3,141.92,48.174465,16.391505
26270541,1946-1976,1946,Keine Angabe,608.9,140.6,5.697,1.3,149.87,48.174836,16.391646
26265098,1884-1918,1884,Keine Angabe,417.8,98.3,4.807,1.45,151.16,48.174071,16.392062
26270299,1884-1918,1884,Keine Angabe,61.3,32.9,4.195,1.45,145.66,48.174004,16.39174
25094379,1919-1945,1919,Keine Angabe,1201.4,276.5,7.978,1.4,176.6,48.171947,16.365568
25094168,1884-1918,1884,Keine Angabe,453.9,121.4,5.696,1.45,159.17,48.172164,16.365975
25094382,1884-1918,1884,Keine Angabe,601.5,136.2,5.554,1.45,157.89,48.172323,16.365603
25094041,1884-1918,1884,Keine Angabe,91.2,38.7,4.049,1.45,144.34,48.172361,16.365368
25095056,1884-1918,1884,Keine Angabe,406.5,93.1,4.615,1.45,149.44,48.17228,16.365215
25687054,1884-1918,1884,W5.1.,64.0,32.0,4.002,1.45,143.92,48.172662,16.388615
19287111,1884-1918,1884,Keine Angabe,454.3,110.6,5.187,1.45,154.58,48.174206,16.363986
19175011,1884-1918,1884,Keine Angabe,424.3,111.6,5.415,1.45,156.64,48.174231,16.363607
19229245,1884-1918,1884,Keine Angabe,338.2,103.9,5.649,1.45,158.75,48.174578,16.363605
19229223,1884-1918,1884,Keine Angabe,106.6,48.6,4.703,1.45,150.22,48.17303,16.364749
19286417,1884-1918,1884,Keine Angabe,82.9,52.9,5.816,1.45,160.25,48.173076,16.364842
19286812,1884-1918,1884,Keine Angabe,141.9,54.7,4.588,1.45,149.19,48.173074,16.364903
21188887,1946-1976,1946,Keine Angabe,187.9,71.4,5.206,1.3,145.45,48.170502,16.362857
23245453,1884-1918,1884,W3.1.,281.1,77.3,4.611,1.45,149.4,48.186224,16.369732
23245014,1884-1918,1884,W3.7.,50.2,50.7,7.157,1.45,172.32,48.187871,16.37236
23247543,1884-1918,1884,W3.7.,526.9,153.8,6.699,1.45,168.2,48.187755,16.372282
23247541,1884-1918,1884,W3.7.,83.5,39.6,4.338,1.45,146.94,48.187662,16.372492
23245030,1884-1918,1884,W3.7.,56.6,60.2,7.998,1.45,179.88,48.187619,16.372251
25687053,1884-1918,1884,W5.1.,48.8,28.9,4.141,1.45,145.17,48.172668,16.388531
26132927,1884-1918,1884,W4.3.,281.7,73.5,4.379,1.45,147.31,48.172873,16.389313
26132921,1884-1918,1884,Keine Angabe,279.2,73.2,4.38,1.45,147.32,48.173015,16.388454
26794582,1884-1918,1884,Keine Angabe,1023.2,286.3,8.95,1.45,188.45,48.172596,16.377461
25687064,1884-1918,1884,W5.1.,46.4,28.2,4.141,1.45,145.17,48.172597,16.388969
19004501,1946-1976,1946,Keine Angabe,49.1,73.0,10.419,1.3,192.37,48.180008,16.375018
19004519,1946-1976,1946,Keine Angabe,40.0,29.4,4.647,1.3,140.42,48.179917,16.375567
19004475,1946-1976,1946,Keine Angabe,789.0,224.8,8.004,1.3,170.64,48.179952,16.375274
25687062,1884-1918,1884,W5.1.,61.7,31.4,4.001,1.45,143.91,48.17262,16.388899
23049900,1946-1976,1946,Keine Angabe,108.8,52.5,5.033,1.3,143.89,48.175965,16.399048
23049896,1946-1976,1946,Keine Angabe,100.3,42.2,4.213,1.3,136.52,48.17612,16.399147
23052139,1946-1976,1946,Keine Angabe,591.2,265.2,10.906,1.3,196.76,48.175763,16.399155
23052108,1946-1976,1946,Keine Angabe,385.2,94.3,4.804,1.3,141.84,48.175733,16.399135
23052110,1946-1976,1946,Keine Angabe,178.6,69.1,5.17,1.3,145.13,48.175664,16.398694
23052105,1946-1976,1946,Keine Angabe,46.8,27.8,4.057,1.3,135.12,48.175869,16.39917
23049858,1946-1976,1946,Keine Angabe,1041.7,144.5,4.476,1.3,138.89,48.176608,16.398735
23049886,1946-1976,1946,Keine Angabe,419.9,113.4,5.535,1.3,148.41,48.176165,16.398984
23049881,1946-1976,1946,Keine Angabe,457.2,193.5,9.049,1.3,180.04,48.17625,16.399119
23049880,1946-1976,1946,Keine Angabe,1997.6,178.8,4.002,1.3,134.61,48.17628,16.398546
23052142,1946-1976,1946,Keine Angabe,167.3,64.6,4.993,1.3,143.53,48.176398,16.399217
23049874,1946-1976,1946,Keine Angabe,433.0,111.6,5.364,1.3,146.87,48.176432,16.398777
23049872,1946-1976,1946,Keine Angabe,108.9,122.6,11.753,1.3,204.37,48.17648,16.398675
23052871,1946-1976,1946,Keine Angabe,362.1,181.4,9.533,1.3,184.39,48.176258,16.398162
23049863,1946-1976,1946,Keine Angabe,484.1,119.8,5.444,1.3,147.6,48.176467,16.398119
23049868,1946-1976,1946,Keine Angabe,842.8,117.0,4.029,1.3,134.86,48.176485,16.397911
23049866,1946-1976,1946,Keine Angabe,184.9,56.4,4.149,1.3,135.94,48.176557,16.398336
23049847,1946-1976,1946,Keine Angabe,171.1,53.6,4.098,1.3,135.49,48.176801,16.398516
23052140,1946-1976,1946,Keine Angabe,3065.8,259.2,4.681,1.3,140.73,48.175871,16.398234
25687059,1884-1918,1884,W5.1.,47.3,28.7,4.166,1.45,145.39,48.172615,16.388803
25687057,1884-1918,1884,W5.1.,46.4,28.3,4.155,1.45,145.3,48.172645,16.388698
27021046,1781-1848,1781,W2.1.,309.6,76.2,4.33,1.5,149.97,48.188964,16.372376
27020653,1781-1848,1781,W2.1.,71.6,35.2,4.157,1.5,148.41,48.18899,16.372174
27026399,1919-1945,1919,Keine Angabe,175.0,56.4,4.267,1.4,143.2,48.172101,16.389404
27025504,1919-1945,1919,Keine Angabe,123.1,88.6,7.991,1.4,176.72,48.171801,16.390331
27025506,1919-1945,1919,Keine Angabe,44.5,27.2,4.084,1.4,141.56,48.171846,16.390285
27026392,1919-1945,1919,Keine Angabe,1085.4,245.7,7.459,1.4,171.93,48.171778,16.391025
27025507,1919-1945,1919,Keine Angabe,481.9,97.2,4.427,1.4,144.64,48.171855,16.390443
27026891,1919-1945,1919,Keine Angabe,658.0,114.1,4.447,1.4,144.82,48.172017,16.389965
27026397,1919-1945,1919,Keine Angabe,228.8,90.9,6.009,1.4,158.88,48.171965,16.390448
27026396,1919-1945,1919,Keine Angabe,55.3,31.9,4.288,1.4,143.39,48.171931,16.390239
27026892,1919-1945,1919,Keine Angabe,316.7,85.8,4.819,1.4,148.18,48.172062,16.389637
27025573,1919-1945,1919,Keine Angabe,488.1,91.6,4.148,1.4,142.13,48.170939,16.389028
27025353,1919-1945,1919,Keine Angabe,47.3,35.6,5.175,1.4,151.38,48.170761,16.389
27025348,1919-1945,1919,Keine Angabe,51.6,28.8,4.006,1.4,140.85,48.171128,16.389019
27025574,1919-1945,1919,Keine Angabe,87.6,40.1,4.281,1.4,143.33,48.171026,16.38909
27026352,1919-1945,1919,Keine Angabe,47.5,29.7,4.307,1.4,143.56,48.170872,16.389568
27026622,1919-1945,1919,Keine Angabe,217.7,82.1,5.563,1.4,154.87,48.170754,16.39013
27026350,1919-1945,1919,Keine Angabe,50.1,28.3,4.0,1.4,140.8,48.170779,16.389979
27026351,1919-1945,1919,Keine Angabe,119.6,61.5,5.627,1.4,155.44,48.170835,16.389681
27026626,1919-1945,1919,Keine Angabe,224.9,73.6,4.908,1.4,148.97,48.170955,16.390135
27025355,1919-1945,1919,Keine Angabe,934.1,152.8,5.001,1.4,149.81,48.170622,16.390307
27025352,1919-1945,1919,Keine Angabe,840.3,132.2,4.559,1.4,145.83,48.170692,16.389829
27026621,1919-1945,1919,Keine Angabe,383.3,123.0,6.281,1.4,161.33,48.170668,16.390907
27025351,1919-1945,1919,Keine Angabe,613.9,100.8,4.067,1.4,141.4,48.170749,16.389435
27026349,1919-1945,1919,Keine Angabe,187.2,72.5,5.299,1.4,152.49,48.170671,16.390612
27026348,1919-1945,1919,Keine Angabe,81.8,36.2,4.0,1.4,140.8,48.170682,16.390427
27025345,1919-1945,1919,Keine Angabe,111.9,44.2,4.18,1.4,142.42,48.171235,16.389073
27025358,1919-1945,1919,Keine Angabe,1037.1,146.6,4.552,1.4,145.77,48.170542,16.390828
27025373,1919-1945,1919,Keine Angabe,350.3,110.8,5.921,1.4,158.08,48.170132,16.390935
27025372,1919-1945,1919,Keine Angabe,637.9,103.1,4.08,1.4,141.52,48.170147,16.391321
27025365,1919-1945,1919,Keine Angabe,209.0,69.7,4.819,1.4,148.17,48.170383,16.391071
27025367,1919-1945,1919,Keine Angabe,129.5,49.9,4.384,1.4,144.25,48.170385,16.391379
27026729,1919-1945,1919,Keine Angabe,591.2,174.6,7.179,1.4,169.41,48.170544,16.389514
27026724,1919-1945,1919,Keine Angabe,316.7,109.7,6.161,1.4,160.25,48.170013,16.38989
27025366,1919-1945,1919,Keine Angabe,4151.9,266.9,4.142,1.4,142.08,48.170236,16.390392
27025362,1919-1945,1919,Keine Angabe,325.9,97.1,5.377,1.4,153.2,48.170478,16.390234
27025369,1919-1945,1919,Keine Angabe,55.3,33.6,4.514,1.4,145.42,48.170413,16.390507
27025368,1919-1945,1919,Keine Angabe,774.9,138.7,4.981,1.4,149.63,48.170376,16.391761
27025363,1919-1945,1919,Keine Angabe,591.7,126.4,5.195,1.4,151.55,48.170425,16.391891
27026398,1919-1945,1919,Keine Angabe,65.6,44.5,5.487,1.4,154.18,48.172111,16.389481
23378417,1884-1918,1884,W3.7.,242.9,91.5,5.874,1.45,160.77,48.189725,16.384662
23378422,1884-1918,1884,W3.7.,145.9,67.5,5.59,1.45,158.21,48.189692,16.384727
23378419,1884-1918,1884,W3.7.,42.7,26.4,4.039,1.45,144.25,48.189745,16.384688
23378393,1884-1918,1884,W3.7.,637.8,119.0,4.711,1.45,150.3,48.190031,16.384743
25543249,1860-1883,1860,W3.1.,446.6,105.5,4.991,1.5,155.92,48.188751,16.36784
19005094,1884-1918,1884,Keine Angabe,226.3,62.9,4.184,1.45,145.55,48.177996,16.373413
19005079,1884-1918,1884,Keine Angabe,348.0,99.9,5.356,1.45,156.1,48.178073,16.373108
19064576,1884-1918,1884,Keine Angabe,48.4,38.7,5.566,1.45,158.0,48.178096,16.373236
20220287,1884-1918,1884,Keine Angabe,549.1,133.3,5.69,1.45,159.11,48.178204,16.373273
20677679,1884-1918,1884,Keine Angabe,43.0,28.1,4.288,1.45,146.49,48.178181,16.373064
23246024,1860-1883,1860,W3.1.,253.0,66.4,4.175,1.5,148.58,48.188232,16.377048
23246069,1860-1883,1860,W3.1.,252.2,77.0,4.849,1.5,154.64,48.188015,16.377065
23252987,1860-1883,1860,W3.1.,63.0,66.5,8.374,1.5,186.37,48.188061,16.377143
26618203,1860-1883,1860,W3.7.,452.9,103.4,4.86,1.5,154.74,48.187395,16.377018
23245879,1884-1918,1884,W3.1.,437.3,130.5,6.238,1.45,164.04,48.188803,16.375238
23245888,1884-1918,1884,W3.1.,275.4,84.4,5.085,1.45,153.67,48.188796,16.375599
23245874,1884-1918,1884,W3.1.,63.1,32.6,4.108,1.45,144.88,48.188947,16.375568
23245997,1884-1918,1884,W3.1.,73.3,97.4,11.374,1.45,210.26,48.188476,16.375563
23245985,1884-1918,1884,W3.1.,438.2,114.9,5.488,1.45,157.29,48.188533,16.375467
23245974,1884-1918,1884,W3.1.,140.1,115.4,9.752,1.45,195.67,48.188589,16.375395
23245975,1884-1918,1884,W3.1.,51.4,30.0,4.182,1.45,145.54,48.188591,16.375197
23245990,1860-1883,1860,W3.1.,186.6,56.4,4.126,1.5,148.13,48.188487,16.375124
23245957,1860-1883,1860,W3.1.,109.5,49.8,4.756,1.5,153.8,48.188602,16.375057
25543393,1884-1918,1884,W3.2.,357.1,107.4,5.683,1.45,159.05,48.188533,16.373173
25543379,1884-1918,1884,W3.2.,45.9,27.3,4.029,1.45,144.16,48.188654,16.373607
25543692,1781-1848,1781,W2.1.,557.5,211.8,8.97,1.5,191.73,48.189338,16.372609
25543544,1781-1848,1781,W2.1.,103.3,40.6,3.993,1.5,146.94,48.189613,16.372665
25543540,1781-1848,1781,W2.1.,47.9,38.5,5.571,1.5,161.14,48.18965,16.372616
25543326,1781-1848,1781,W2.1.,84.2,39.8,4.338,1.5,150.04,48.189176,16.372887
25543308,1781-1848,1781,W2.1.,246.9,86.0,5.473,1.5,160.26,48.189173,16.372749
25543690,1781-1848,1781,W2.1.,73.2,98.2,11.477,1.5,214.29,48.189403,16.372691
25543689,1781-1848,1781,W2.1.,349.1,102.4,5.481,1.5,160.33,48.189395,16.37278
25543965,1781-1848,1781,W2.1.,96.6,89.9,9.152,1.5,193.37,48.18945,16.372823
23393631,1781-1848,1781,W2.1.,617.8,122.6,4.932,1.5,155.39,48.189916,16.374206
23398497,1781-1848,1781,W2.1.,56.0,30.4,4.061,1.5,147.55,48.189886,16.374418
23245598,1884-1918,1884,W3.3.,556.2,135.8,5.76,1.45,159.74,48.185579,16.367466
23244771,1683-1740,1683,W5.2.,145.4,45.2,3.749,1.5,144.74,48.188557,16.369856
23244729,1683-1740,1683,W5.2.,199.3,60.1,4.26,1.5,149.34,48.188659,16.369952
23244749,1683-1740,1683,W5.2.,119.3,44.3,4.057,1.5,147.51,48.188674,16.36975
23244577,1683-1740,1683,W5.2.,224.4,88.1,5.881,1.5,163.92,48.189245,16.370025
23244774,1683-1740,1683,W5.2.,199.9,60.2,4.261,1.5,149.35,48.188558,16.369674
25543366,1884-1918,1884,W3.2.,87.6,47.3,5.048,1.45,153.33,48.188696,16.372944
25543360,1884-1918,1884,W3.2.,89.7,50.0,5.28,1.45,155.42,48.188743,16.372997
25543353,1884-1918,1884,W3.2.,74.3,39.1,4.533,1.45,148.69,48.188802,16.373047
25543373,1884-1918,1884,W3.2.,70.3,48.0,5.722,1.45,159.4,48.188688,16.373091
25687085,1884-1918,1884,W5.1.,58.5,30.8,4.023,1.45,144.11,48.172458,16.388922
23245376,1884-1918,1884,W3.3.,305.7,92.6,5.297,1.45,155.58,48.186435,16.366814
23245409,1884-1918,1884,W3.3.,279.2,84.2,5.037,1.45,153.23,48.18637,16.366642
23247649,1884-1918,1884,W3.7.,375.3,125.0,6.455,1.45,165.99,48.186529,16.366455
23393632,1884-1918,1884,W3.1.,774.4,215.1,7.731,1.45,177.48,48.189886,16.375442
23393651,1884-1918,1884,W3.1.,48.2,35.3,5.083,1.45,153.65,48.189827,16.375319
23393647,1884-1918,1884,W3.1.,40.8,42.7,6.685,1.45,168.06,48.189876,16.375542
26618202,1860-1883,1860,W3.7.,364.9,83.1,4.348,1.5,150.13,48.18864,16.376338
27020743,1884-1918,1884,W3.3.,279.1,76.5,4.579,1.45,149.11,48.189713,16.371877
27021059,1884-1918,1884,W3.3.,275.0,71.1,4.289,1.45,146.5,48.18964,16.371731
27020747,1884-1918,1884,W3.3.,47.0,28.2,4.107,1.45,144.86,48.189662,16.371803
23244840,1781-1848,1781,W2.5.,194.8,70.6,5.056,1.5,156.5,48.188355,16.366692
23247878,1781-1848,1781,W2.5.,548.5,152.0,6.49,1.5,169.41,48.188304,16.366993
27020813,1884-1918,1884,W3.3.,334.3,88.3,4.832,1.45,151.39,48.188396,16.372626
27021008,1884-1918,1884,W3.3.,310.1,74.2,4.213,1.45,145.82,48.188329,16.372431
27020671,1884-1918,1884,W3.2.,418.2,127.4,6.228,1.45,163.96,48.188105,16.372211
24146716,1884-1918,1884,W3.1.,378.9,83.6,4.296,1.45,146.57,48.189897,16.368563
23247672,1884-1918,1884,W3.9.,507.4,161.5,7.17,1.45,172.43,48.187332,16.36604
23245233,1884-1918,1884,W3.1.,414.4,104.3,5.122,1.45,154.0,48.186931,16.369108
26780961,1884-1918,1884,W3.2.,890.6,221.9,7.435,1.45,174.81,48.189639,16.369761
24146673,1884-1918,1884,W3.1.,231.1,69.3,4.559,1.45,148.93,48.190088,16.36883
24487868,1884-1918,1884,W3.7.,422.5,106.6,5.185,1.45,154.56,48.189675,16.365495
19174739,1946-1976,1946,Keine Angabe,53.6,29.8,4.063,1.3,135.16,48.175579,16.36335
19174735,1946-1976,1946,Keine Angabe,779.4,191.8,6.871,1.3,160.44,48.175504,16.363022
19174762,1946-1976,1946,Keine Angabe,57.6,61.1,8.049,1.3,171.04,48.175514,16.362971
19174724,1946-1976,1946,Keine Angabe,53.7,29.8,4.071,1.3,135.23,48.175625,16.362739
19174734,1946-1976,1946,Keine Angabe,44.6,35.4,5.296,1.3,146.27,48.175615,16.363239
19174726,1946-1976,1946,Keine Angabe,44.8,35.7,5.33,1.3,146.57,48.175641,16.362858
23248281,1884-1918,1884,W3.7.,439.4,117.6,5.61,1.45,158.39,48.185178,16.367959
25543375,1884-1918,1884,W3.7.,408.0,95.4,4.724,1.45,150.42,48.188626,16.378984
23253049,1884-1918,1884,W3.3.,970.5,219.1,7.032,1.45,171.19,48.188466,16.377606
25543428,1884-1918,1884,W3.2.,1812.4,342.6,8.048,1.45,180.33,48.18873,16.380243
23385457,1860-1883,1860,W3.1.,198.9,98.9,7.012,1.5,174.11,48.189704,16.376182
23385485,1860-1883,1860,W3.1.,168.9,94.2,7.248,1.5,176.23,48.189771,16.376225
23387454,1860-1883,1860,W3.1.,64.6,68.6,8.538,1.5,187.84,48.189777,16.376251
23249933,1884-1918,1884,W3.1.,289.2,91.6,5.387,1.45,156.38,48.186625,16.368544
23249934,1884-1918,1884,W3.1.,78.0,65.2,7.388,1.45,174.39,48.186721,16.368569
23248292,1884-1918,1884,W3.3.,289.8,72.5,4.258,1.45,146.22,48.186216,16.366773
23248296,1884-1918,1884,W3.3.,304.1,77.7,4.454,1.45,147.99,48.186298,16.366979
23245006,1884-1918,1884,W3.2.,303.2,89.3,5.13,1.45,154.07,48.187783,16.3714
24143821,1860-1883,1860,W3.2.,249.2,78.2,4.956,1.5,155.6,48.189179,16.366797
21189037,1946-1976,1946,Keine Angabe,443.5,148.9,7.071,1.3,162.24,48.170016,16.361069
21189008,1946-1976,1946,Keine Angabe,210.5,95.2,6.561,1.3,157.65,48.17019,16.36119
21189009,1946-1976,1946,Keine Angabe,541.4,109.2,4.693,1.3,140.83,48.170136,16.360885
21201785,1946-1976,1946,Keine Angabe,57.5,32.8,4.329,1.3,137.56,48.170276,16.360927
26270176,1884-1918,1884,Keine Angabe,181.5,55.6,4.13,1.45,145.07,48.173474,16.3926
26265719,1884-1918,1884,Keine Angabe,71.0,36.6,4.349,1.45,147.04,48.173608,16.392634
25687078,1884-1918,1884,W5.1.,75.6,35.0,4.028,1.45,144.15,48.172507,16.389155
24143827,1860-1883,1860,W3.2.,280.2,83.9,5.013,1.5,156.11,48.189115,16.366918
26101864,1849-1859,1849,4.,1411.2,282.8,7.529,1.5,178.76,48.184408,16.386889
26101867,1849-1859,1849,4.,46.3,27.2,4.0,1.5,147.0,48.184686,16.387411
26101887,1849-1859,1849,4.,46.3,27.2,4.0,1.5,147.0,48.1842,16.386538
23378418,1884-1918,1884,W3.1.,280.9,69.8,4.163,1.45,145.36,48.189726,16.384969
25219280,1884-1918,1884,Keine Angabe,1097.6,216.9,6.547,1.45,166.82,48.176662,16.362328
23244976,1884-1918,1884,W3.7.,406.0,107.6,5.341,1.45,155.97,48.187862,16.371619
23246120,1884-1918,1884,W3.1.,296.2,80.3,4.665,1.45,149.89,48.187889,16.37664
23248878,1860-1883,1860,W3.1.,204.0,57.8,4.048,1.5,147.43,48.188822,16.376714
23252959,1884-1918,1884,W3.3.,193.1,67.0,4.823,1.45,151.31,48.18785,16.37718
23252960,1884-1918,1884,W3.3.,204.2,71.5,5.003,1.45,152.92,48.187898,16.377422
23252961,1884-1918,1884,W3.3.,187.9,54.9,4.002,1.45,143.92,48.187899,16.377843
23252956,1884-1918,1884,W3.3.,74.7,34.1,3.943,1.45,143.39,48.187863,16.377294
23245970,1860-1883,1860,W3.1.,280.2,72.8,4.349,1.5,150.14,48.188572,16.375966
23385491,1860-1883,1860,W3.7.,217.3,129.5,8.785,1.5,190.07,48.190052,16.375972
23385488,1860-1883,1860,W3.7.,73.1,54.4,6.362,1.5,168.26,48.189942,16.376053
23383154,1860-1883,1860,W3.7.,88.6,46.5,4.936,1.5,155.43,48.189964,16.376067
25087879,1884-1918,1884,Keine Angabe,143.2,62.3,5.207,1.45,154.76,48.17435,16.367058
25087871,1884-1918,1884,Keine Angabe,199.0,84.3,5.974,1.45,161.67,48.174376,16.366985
25087747,1884-1918,1884,Keine Angabe,290.2,78.9,4.63,1.45,149.57,48.175612,16.366714
25219187,1884-1918,1884,Keine Angabe,350.9,84.5,4.509,1.45,148.48,48.175758,16.364742
23245179,1884-1918,1884,W3.7.,416.1,103.9,5.095,1.45,153.76,48.187042,16.369305
19064913,1860-1883,1860,Keine Angabe,106.3,45.6,4.425,1.5,150.82,48.178837,16.374808
19064925,1860-1883,1860,Keine Angabe,789.4,151.1,5.377,1.5,159.39,48.178992,16.374701
26265012,1884-1918,1884,Keine Angabe,510.1,106.0,4.693,1.45,150.14,48.175049,16.392413
23246181,1884-1918,1884,W3.3.,237.4,64.4,4.177,1.45,145.5,48.187687,16.372808
23246166,1884-1918,1884,W3.3.,280.6,80.4,4.801,1.45,151.11,48.187713,16.37302
27021049,1884-1918,1884,W3.2.,324.7,90.2,5.008,1.45,152.97,48.189115,16.372186
27020647,1884-1918,1884,W3.2.,45.4,28.4,4.221,1.45,145.89,48.189107,16.371892
27020646,1884-1918,1884,W3.2.,117.6,44.4,4.095,1.45,144.76,48.189154,16.372033
27020906,1884-1918,1884,W3.2.,106.0,53.6,5.202,1.45,154.72,48.188993,16.371792
24143852,1860-1883,1860,W3.1.,226.6,63.3,4.204,1.5,148.84,48.189002,16.367065
26270588,1884-1918,1884,Keine Angabe,494.5,129.7,5.832,1.45,160.39,48.175052,16.390547
26265019,1884-1918,1884,Keine Angabe,249.1,75.2,4.765,1.45,150.79,48.175049,16.390893
26270531,1884-1918,1884,Keine Angabe,88.8,41.2,4.367,1.45,147.2,48.17491,16.390847
26851492,1884-1918,1884,Keine Angabe,223.7,63.1,4.217,1.45,145.85,48.176566,16.367946
26851498,1884-1918,1884,Keine Angabe,194.5,62.3,4.468,1.45,148.11,48.176543,16.367805
26851487,1884-1918,1884,Keine Angabe,113.8,52.8,4.949,1.45,152.44,48.176585,16.367697
25543405,1884-1918,1884,W3.7.,744.6,178.5,6.54,1.45,166.76,48.188343,16.37335
24143808,1860-1883,1860,W3.2.,289.6,83.7,4.917,1.5,155.25,48.18927,16.367189
23246006,1860-1883,1860,W3.7.,384.0,117.8,6.012,1.5,165.11,48.18832,16.376411
25088912,1884-1918,1884,Keine Angabe,249.4,74.5,4.716,1.45,150.35,48.175879,16.367527
25087716,1884-1918,1884,Keine Angabe,107.4,50.0,4.83,1.45,151.37,48.175736,16.367456
25087707,1884-1918,1884,Keine Angabe,48.5,27.9,4.004,1.45,143.93,48.175803,16.367395
19174754,1884-1918,1884,Keine Angabe,463.5,106.0,4.923,1.45,152.21,48.175412,16.36419
23442331,1884-1918,1884,Keine Angabe,362.5,88.8,4.664,1.45,149.87,48.175503,16.398196
19229224,1884-1918,1884,Keine Angabe,515.0,110.6,4.875,1.45,151.78,48.172975,16.363857
21201787,1884-1918,1884,Keine Angabe,594.1,123.8,5.079,1.45,153.61,48.170293,16.364152
21201788,1884-1918,1884,Keine Angabe,101.2,44.0,4.374,1.45,147.26,48.17036,16.364013
19175340,1946-1976,1946,Keine Angabe,207.7,76.1,5.284,1.3,146.15,48.172908,16.360915
19175332,1946-1976,1946,Keine Angabe,201.4,76.0,5.357,1.3,146.81,48.172948,16.360634
19175301,1946-1976,1946,Keine Angabe,207.9,76.2,5.282,1.3,146.14,48.173034,16.360449
19175279,1946-1976,1946,Keine Angabe,233.0,81.8,5.359,1.3,146.83,48.173105,16.359866
19175291,1946-1976,1946,Keine Angabe,207.5,75.9,5.27,1.3,146.03,48.173064,16.360138
19175513,1946-1976,1946,Keine Angabe,376.0,119.3,6.153,1.3,153.98,48.171986,16.360537
19175425,1946-1976,1946,Keine Angabe,410.6,128.1,6.32,1.3,155.48,48.172429,16.360755
19175480,1946-1976,1946,Keine Angabe,568.8,169.5,7.105,1.3,162.55,48.172108,16.359973
19175392,1946-1976,1946,Keine Angabe,636.3,180.2,7.146,1.3,162.91,48.172577,16.360089
23245089,1884-1918,1884,W3.2.,524.4,139.3,6.083,1.45,162.65,48.187335,16.369039
23245119,1884-1918,1884,W3.2.,40.5,33.7,5.29,1.45,155.51,48.187326,16.369006
23383707,1860-1883,1860,W3.2.,199.9,112.3,7.943,1.5,182.49,48.190096,16.379739
24146668,1884-1918,1884,W3.1.,382.4,83.3,4.26,1.45,146.24,48.190136,16.368421
24723250,1884-1918,1884,Keine Angabe,433.9,108.2,5.196,1.45,154.66,48.169844,16.364065
19175429,1946-1976,1946,Keine Angabe,326.3,81.8,4.53,1.3,139.37,48.172421,16.364758
19175461,1946-1976,1946,Keine Angabe,306.5,78.0,4.453,1.3,138.67,48.17224,16.364794
19175417,1946-1976,1946,Keine Angabe,224.0,63.0,4.211,1.3,136.5,48.172519,16.36442
19175511,1946-1976,1946,Keine Angabe,239.6,66.0,4.261,1.3,136.95,48.171999,16.36424
19175509,1946-1976,1946,Keine Angabe,370.8,90.1,4.677,1.3,140.7,48.171989,16.364669
19175324,1946-1976,1946,Keine Angabe,739.0,201.1,7.397,1.3,165.17,48.172815,16.364508
19175338,1946-1976,1946,Keine Angabe,294.7,71.7,4.175,1.3,136.18,48.172881,16.364892
24146772,1884-1918,1884,W3.1.,375.6,84.0,4.337,1.45,146.93,48.189705,16.36877
25087847,1884-1918,1884,Keine Angabe,335.3,85.7,4.679,1.45,150.01,48.174771,16.366587
25087846,1884-1918,1884,Keine Angabe,62.0,38.4,4.882,1.45,151.84,48.174813,16.366552
25087773,1884-1918,1884,Keine Angabe,378.1,93.2,4.795,1.45,151.06,48.175259,16.36717
19174972,1946-1976,1946,Keine Angabe,155.0,138.0,11.083,1.3,198.34,48.174405,16.362586
19174973,1946-1976,1946,Keine Angabe,453.1,132.5,6.225,1.3,154.62,48.174364,16.362685
19287143,1946-1976,1946,Keine Angabe,70.3,83.1,9.91,1.3,187.79,48.174438,16.362659
25215637,1919-1945,1919,Keine Angabe,157.8,69.3,5.514,1.4,154.43,48.176074,16.361377
25215373,1919-1945,1919,Keine Angabe,56.2,31.6,4.22,1.4,142.78,48.175933,16.361422
25215371,1919-1945,1919,Keine Angabe,58.0,32.2,4.229,1.4,142.86,48.175926,16.361609
25211210,1919-1945,1919,Keine Angabe,187.2,81.5,5.956,1.4,158.4,48.176204,16.361674
25211193,1919-1945,1919,Keine Angabe,793.2,162.7,5.776,1.4,156.78,48.176259,16.361435
21747593,1884-1918,1884,Keine Angabe,190.2,56.2,4.072,1.45,144.55,48.260754,16.383922
21800365,1884-1918,1884,Keine Angabe,253.7,68.3,4.288,1.45,146.5,48.279068,16.387059
22010361,1884-1918,1884,Keine Angabe,272.3,83.5,5.063,1.45,153.47,48.269561,16.391865
26727962,Vor 1683,1683,Keine Angabe,353.9,101.3,5.387,1.5,159.48,48.218084,16.483073
26727989,Vor 1683,1683,Keine Angabe,119.2,64.2,5.883,1.5,163.94,48.21774,16.48261
26730382,Vor 1683,1683,Keine Angabe,321.2,80.2,4.477,1.5,151.29,48.217819,16.48296
26735168,Vor 1683,1683,Keine Angabe,385.5,89.8,4.576,1.5,152.19,48.217901,16.482662
26727966,Vor 1683,1683,Keine Angabe,235.1,66.1,4.309,1.5,149.78,48.218042,16.482826
26727946,Vor 1683,1683,Keine Angabe,72.5,33.3,3.916,1.5,146.24,48.218289,16.482894
26727951,1884-1918,1884,Keine Angabe,747.0,196.1,7.175,1.45,172.48,48.217996,16.484315
26727960,1884-1918,1884,Keine Angabe,258.3,65.0,4.044,1.45,144.29,48.218076,16.484412
26733406,1884-1918,1884,Keine Angabe,77.1,94.9,10.815,1.45,205.23,48.21789,16.484396
26731693,1919-1945,1919,Keine Angabe,363.2,89.1,4.674,1.4,146.87,48.217517,16.481112
27214513,1946-1976,1946,Keine Angabe,71.3,33.8,4.003,1.3,134.63,48.223733,16.533869
22643364,1946-1976,1946,Keine Angabe,119.4,45.1,4.126,1.3,135.74,48.236839,16.490211
22851328,1919-1945,1919,Keine Angabe,107.1,41.8,4.038,1.4,141.14,48.238778,16.485209
22615400,1946-1976,1946,Keine Angabe,616.8,251.2,10.115,1.3,189.63,48.239113,16.483553
26206723,1919-1945,1919,Keine Angabe,99.3,41.9,4.204,1.4,142.63,48.231052,16.535083
26735890,1946-1976,1946,Keine Angabe,309.1,77.3,4.397,1.3,138.17,48.218473,16.481354
26727968,1946-1976,1946,Keine Angabe,88.2,38.8,4.129,1.3,135.76,48.218062,16.480802
26727936,1946-1976,1946,Keine Angabe,540.4,119.0,5.12,1.3,144.68,48.218353,16.480651
26727945,1946-1976,1946,Keine Angabe,413.6,94.0,4.624,1.3,140.21,48.218248,16.481159
26727920,1946-1976,1946,Keine Angabe,188.5,56.5,4.112,1.3,135.61,48.218617,16.480903
26731772,1884-1918,1884,Keine Angabe,60.2,38.2,4.919,1.45,152.17,48.219791,16.480583
26731778,1884-1918,1884,Keine Angabe,120.6,69.8,6.352,1.45,165.07,48.219866,16.480649
26731769,1884-1918,1884,Keine Angabe,114.5,69.7,6.513,1.45,166.51,48.219729,16.480525
22612477,1946-1976,1946,Keine Angabe,575.9,185.6,7.733,1.3,168.2,48.238881,16.480702
22611682,1946-1976,1946,Keine Angabe,242.4,91.6,5.884,1.3,151.56,48.23909,16.480729
22611660,1946-1976,1946,Keine Angabe,185.9,80.7,5.918,1.3,151.86,48.239325,16.480673
