id,baujahr,fensteranteil,u_wert,kompaktheit,hwb,lat,lon
1,1901,0.3315,1.470,0.417,146.58,48.24333,16.30950
2,1990,0.2484,0.332,0.435,73.18,48.21004,16.48655
3,1975,0.2796,1.126,0.394,121.13,48.13302,16.41097
4,1947,0.2669,1.265,0.406,126.91,48.23634,16.35329
5,1946,0.3070,1.088,0.446,121.33,48.18097,16.43245
6,2001,0.3926,0.318,0.494,82.21,48.24940,16.40438
7,1901,0.2872,1.919,0.420,173.30,48.19693,16.46831
8,1980,0.3315,1.227,0.409,134.65,48.20716,16.29261
9,1916,0.1160,1.441,0.459,140.62,48.24126,16.35673
10,1902,0.2761,1.735,0.258,151.83,48.16859,16.34687
11,1958,0.2125,1.234,0.498,128.04,48.16525,16.27132
12,2016,0.1825,0.415,0.450,77.34,48.19312,16.42302
13,1985,0.2097,1.251,0.454,131.65,48.22895,16.35648
14,1988,0.2533,1.176,0.546,129.09,48.15342,16.40698
15,1983,0.3533,0.853,0.255,106.10,48.14162,16.48799
16,1992,0.1739,0.573,0.253,79.62,48.22883,16.35234
17,1956,0.2825,1.000,0.477,124.25,48.17890,16.34894
18,1906,0.2413,1.712,0.449,166.96,48.18627,16.37593
19,1999,0.2538,0.487,0.467,80.66,48.13501,16.41936
20,1948,0.3602,0.896,0.404,112.80,48.17624,16.34166
21,1955,0.3230,1.110,0.516,129.45,48.19974,16.33845
22,1938,0.3870,1.660,0.543,167.87,48.23256,16.42286
23,1913,0.2676,1.447,0.498,143.40,48.17301,16.38893
24,2010,0.2243,0.353,0.424,65.87,48.25801,16.26776
25,1991,0.2621,0.328,0.239,64.67,48.17604,16.30873
26,1973,0.2994,1.163,0.527,128.42,48.17609,16.44506
27,1942,0.2941,1.667,0.572,165.40,48.25381,16.39010
28,1996,0.1932,0.490,0.514,80.14,48.20740,16.33189
29,1960,0.2872,0.678,0.362,88.29,48.18068,16.36148
30,1947,0.2983,1.027,0.517,123.97,48.19457,16.37066
31,1948,0.4814,0.664,0.536,112.05,48.24736,16.40679
32,1919,0.4301,1.941,0.606,193.67,48.25132,16.30209
33,1901,0.2117,1.340,0.362,139.95,48.17141,16.32795
34,1962,0.2570,1.309,0.427,135.06,48.19851,16.38365
35,2005,0.1629,0.323,0.525,74.35,48.20316,16.36501
36,1898,0.2327,2.237,0.456,186.54,48.16548,16.39859
37,2001,0.3052,0.263,0.338,61.55,48.19805,16.30852
38,1997,0.3765,0.186,0.491,80.98,48.20019,16.38786
39,1925,0.2217,1.522,0.508,144.80,48.23991,16.42458
40,1972,0.2277,1.100,0.459,116.03,48.24226,16.39434
41,1911,0.1082,1.553,0.472,142.69,48.18848,16.37696
42,1988,0.2670,0.988,0.424,113.92,48.19251,16.36521
43,1981,0.1950,1.261,0.598,131.55,48.22325,16.32826
44,1936,0.2376,1.731,0.360,154.30,48.17952,16.36640
45,1898,0.2099,1.226,0.391,129.89,48.22060,16.43299
46,2016,0.2725,0.386,0.451,74.95,48.19692,16.36405
47,1947,0.1394,1.240,0.538,122.08,48.16607,16.32551
48,2006,0.1626,0.494,0.300,76.22,48.16651,16.34539
49,1978,0.4503,0.948,0.319,119.04,48.25065,16.38004
50,1991,0.1770,0.379,0.246,60.26,48.19453,16.35132
51,1988,0.1923,0.992,0.453,104.74,48.25741,16.39427
52,1915,0.4270,1.167,0.338,126.74,48.18202,16.39614
53,1937,0.5124,1.641,0.412,167.44,48.21019,16.41445
54,1950,0.1863,1.188,0.516,131.89,48.28374,16.44118
55,1954,0.2505,0.852,0.386,98.44,48.16299,16.41979
56,1895,0.3073,1.556,0.473,153.73,48.13358,16.32329
57,1961,0.4183,1.122,0.420,133.77,48.24503,16.32482
58,1910,0.2011,1.324,0.517,125.26,48.17106,16.36621
59,1986,0.2604,0.825,0.498,111.97,48.19928,16.34744
60,1978,0.3422,1.394,0.381,136.23,48.17949,16.31308
61,2009,0.3148,0.580,0.433,93.55,48.20939,16.34792
62,1986,0.2499,1.182,0.554,132.76,48.16673,16.34627
63,1937,0.2693,1.903,0.489,179.17,48.19370,16.33641
64,2015,0.1700,0.386,0.310,68.64,48.21574,16.35421
65,1943,0.2609,1.177,0.516,119.38,48.16471,16.42892
66,1932,0.2587,1.596,0.342,144.02,48.17550,16.37996
67,2007,0.2986,0.265,0.591,79.83,48.18784,16.49359
68,1938,0.2356,1.514,0.552,150.49,48.14999,16.37853
69,1899,0.3177,1.580,0.479,158.55,48.18521,16.35550
70,1951,0.3610,1.088,0.466,131.22,48.20416,16.37021
71,1993,0.2924,0.221,0.429,71.14,48.18602,16.38282
72,1914,0.3081,1.721,0.518,165.51,48.19050,16.39176
73,1950,0.2843,1.389,0.413,131.27,48.19930,16.47384
74,1906,0.2800,0.959,0.474,113.53,48.17705,16.32773
75,1979,0.2223,1.061,0.537,123.64,48.22419,16.41295
76,1951,0.3053,0.877,0.394,103.17,48.25026,16.38039
77,1932,0.2722,1.422,0.388,142.59,48.18375,16.29145
78,1919,0.4475,1.271,0.331,141.35,48.21698,16.40853
79,1963,0.4059,0.917,0.344,114.26,48.19161,16.43338
80,1977,0.3109,1.145,0.267,105.15,48.21279,16.32714
81,2012,0.2190,0.560,0.523,84.09,48.25480,16.36955
82,1946,0.1910,1.662,0.631,170.31,48.21780,16.28373
83,1910,0.3753,1.697,0.593,169.83,48.13793,16.30706
84,1998,0.3010,0.521,0.287,71.70,48.21589,16.42240
85,1971,0.3184,1.149,0.522,137.37,48.24315,16.34668
86,1981,0.1404,1.070,0.592,120.53,48.19224,16.31456
87,1902,0.3542,1.913,0.404,180.46,48.23485,16.38147
88,1930,0.3164,1.470,0.460,149.85,48.17585,16.34388
89,1989,0.1912,1.122,0.249,112.11,48.14801,16.34646
90,1998,0.2423,0.269,0.477,72.52,48.20494,16.40697
91,1946,0.3011,0.820,0.344,105.06,48.13852,16.31191
92,1994,0.2842,0.213,0.470,79.62,48.19161,16.32473
93,1999,0.2566,0.383,0.294,74.33,48.24504,16.37770
94,1940,0.2717,1.494,0.504,142.65,48.13316,16.41847
95,2006,0.2598,0.288,0.552,78.70,48.15522,16.43191
96,1927,0.2922,1.539,0.372,152.44,48.16388,16.33675
97,1921,0.3977,1.838,0.336,175.39,48.19778,16.41687
98,1978,0.0800,1.136,0.234,102.17,48.18720,16.33079
99,1972,0.2611,0.969,0.423,117.99,48.24897,16.46131
100,1908,0.2941,1.404,0.392,144.23,48.23340,16.31331
101,1998,0.3037,0.382,0.295,84.14,48.21733,16.43642
102,1915,0.2502,1.359,0.495,136.43,48.20510,16.33718
103,1994,0.1395,0.421,0.405,68.94,48.21376,16.47066
104,1890,0.3062,1.550,0.342,145.98,48.16983,16.39957
105,1993,0.4182,0.293,0.395,75.92,48.23000,16.31920
106,1992,0.1573,0.288,0.557,67.22,48.16108,16.34389
107,1991,0.3491,0.483,0.510,79.18,48.22924,16.40906
108,1976,0.2537,1.204,0.437,125.62,48.24151,16.42263
109,1951,0.2751,0.881,0.512,113.96,48.20738,16.36646
110,1981,0.1958,1.240,0.334,119.46,48.19383,16.37223
111,1926,0.2532,1.372,0.453,147.48,48.21401,16.40792
112,1991,0.3840,0.346,0.465,82.92,48.09985,16.37659
113,1962,0.3266,1.361,0.403,145.48,48.21058,16.30532
114,1949,0.4186,1.268,0.494,144.51,48.19603,16.32935
115,1955,0.3742,1.397,0.372,146.80,48.19823,16.38176
116,1963,0.3151,1.046,0.501,125.47,48.22473,16.43077
117,1894,0.4195,1.341,0.505,154.64,48.19738,16.45080
118,1908,0.3151,1.597,0.200,144.20,48.16009,16.40898
119,1921,0.3462,1.547,0.569,162.52,48.19505,16.38436
120,1904,0.2563,1.296,0.200,123.70,48.20236,16.40744
121,1947,0.2853,1.327,0.388,133.30,48.20402,16.33666
122,1976,0.2242,1.028,0.553,122.40,48.20567,16.36234
123,1975,0.3592,1.170,0.418,140.45,48.23638,16.32879
124,1951,0.1857,0.902,0.303,97.50,48.16199,16.30756
125,2001,0.3426,0.223,0.341,68.92,48.20615,16.38668
126,1963,0.2647,1.101,0.553,132.99,48.24515,16.37928
127,1900,0.3737,1.030,0.258,119.91,48.13929,16.40438
128,1989,0.3401,1.053,0.563,129.05,48.20629,16.39731
129,1964,0.4257,1.063,0.444,117.94,48.17951,16.38213
130,1972,0.3385,1.046,0.331,119.67,48.18703,16.39783
131,1963,0.1542,1.454,0.392,125.46,48.16833,16.36787
132,1961,0.2746,1.080,0.348,123.42,48.19407,16.39064
133,1901,0.1862,1.315,0.537,136.29,48.26444,16.33369
134,1962,0.2385,0.681,0.523,102.93,48.15574,16.38849
135,1993,0.4009,0.406,0.278,74.48,48.15906,16.40342
136,1929,0.3310,1.615,0.410,148.98,48.15443,16.33652
137,1968,0.2241,0.963,0.364,108.65,48.26046,16.37259
138,1894,0.1989,1.553,0.579,152.89,48.18382,16.33882
139,1935,0.2826,1.670,0.315,149.96,48.19910,16.34367
140,1946,0.1827,1.358,0.610,141.91,48.18590,16.31375
141,2017,0.2263,0.425,0.447,90.69,48.16695,16.43329
142,1917,0.3050,1.802,0.334,166.26,48.19177,16.42328
143,1925,0.3724,1.195,0.382,135.65,48.28604,16.39687
144,1943,0.3287,1.038,0.370,122.00,48.24872,16.46861
145,2019,0.0967,0.324,0.323,65.54,48.17015,16.36054
146,2000,0.3043,0.434,0.459,82.85,48.22267,16.52159
147,1894,0.2858,1.345,0.327,123.56,48.17090,16.35862
148,1920,0.3131,1.135,0.232,115.88,48.13783,16.38276
149,1996,0.4093,0.486,0.412,94.10,48.23568,16.35011
150,1897,0.1149,1.833,0.270,146.53,48.24060,16.38862
151,2001,0.2327,0.172,0.375,58.65,48.23661,16.41178
152,1926,0.3273,1.729,0.359,157.33,48.18355,16.36430
153,2009,0.1535,0.405,0.363,75.74,48.19416,16.45884
154,1928,0.3981,1.377,0.650,159.83,48.22624,16.38196
155,1946,0.3095,1.137,0.456,130.31,48.21370,16.38352
156,1976,0.3477,1.293,0.475,142.84,48.18622,16.32455
157,1906,0.2343,1.346,0.272,127.26,48.14333,16.39092
158,1962,0.3451,0.988,0.385,117.57,48.20399,16.36330
159,1955,0.3655,1.240,0.472,132.25,48.23777,16.33959
160,1991,0.2986,0.287,0.348,59.07,48.15808,16.33118
161,2019,0.2988,0.277,0.541,78.25,48.22236,16.50359
162,1976,0.3016,1.395,0.330,138.34,48.21160,16.35683
163,1943,0.2109,1.760,0.421,164.38,48.22626,16.29715
164,1942,0.2682,1.711,0.391,164.67,48.23052,16.33509
165,1944,0.2678,1.912,0.466,180.75,48.17569,16.36742
166,1995,0.3107,0.364,0.386,71.69,48.14341,16.39733
167,1931,0.3600,1.785,0.423,167.18,48.18133,16.39774
168,1911,0.1953,1.759,0.426,160.44,48.23112,16.40383
169,1933,0.2700,1.685,0.377,166.80,48.18103,16.33776
170,1892,0.3985,1.154,0.499,142.06,48.17571,16.38702
171,1903,0.2205,1.621,0.474,158.41,48.13625,16.32620
172,1901,0.2142,1.461,0.441,139.79,48.26134,16.33902
173,1990,0.2962,0.423,0.407,76.07,48.22890,16.32411
174,1983,0.3476,1.027,0.530,129.78,48.22695,16.31058
175,1980,0.2809,0.870,0.426,102.92,48.23387,16.42321
176,1950,0.3863,0.718,0.419,102.84,48.22018,16.40443
177,1983,0.3485,1.077,0.460,125.51,48.19145,16.41883
178,1910,0.3473,1.938,0.620,194.15,48.19427,16.37197
179,2007,0.3243,0.205,0.316,62.10,48.18504,16.40884
180,1955,0.4662,0.780,0.527,106.32,48.29222,16.28194
181,2011,0.2636,0.353,0.261,69.16,48.21946,16.41315
182,1909,0.1197,1.699,0.472,149.44,48.18377,16.37886
183,1954,0.4083,1.173,0.608,142.55,48.21629,16.40136
184,1980,0.2434,1.183,0.499,128.32,48.16462,16.38900
185,1954,0.2886,0.836,0.467,106.89,48.25266,16.32065
186,1948,0.3848,1.271,0.394,140.43,48.17686,16.29510
187,1911,0.1518,2.049,0.453,168.26,48.21754,16.33440
188,1939,0.1799,1.824,0.425,159.02,48.23731,16.39825
189,1921,0.1519,1.603,0.371,146.64,48.21347,16.40450
190,1929,0.2165,1.662,0.421,150.41,48.20331,16.30160
191,1978,0.3152,1.037,0.470,114.93,48.20038,16.32095
192,1971,0.3219,1.173,0.373,129.36,48.19802,16.33384
193,1968,0.3021,1.223,0.369,133.20,48.17982,16.35213
194,1937,0.1670,1.562,0.314,138.91,48.18427,16.30190
195,2014,0.0952,0.211,0.489,50.99,48.25179,16.29890
196,1901,0.2843,1.287,0.505,140.85,48.19620,16.32891
197,1934,0.2423,1.728,0.473,153.69,48.17250,16.37431
198,1905,0.3168,1.698,0.547,168.31,48.18193,16.31097
199,1934,0.3362,1.153,0.459,126.02,48.23851,16.36421
200,2015,0.2911,0.395,0.489,76.78,48.22365,16.42293
201,1937,0.3408,1.849,0.480,172.45,48.21961,16.30491
202,2008,0.2983,0.374,0.441,77.92,48.19099,16.35968
203,1954,0.3224,1.397,0.397,138.50,48.22007,16.42124
204,1980,0.2236,0.888,0.671,120.25,48.17748,16.34909
205,1949,0.2656,0.835,0.405,101.83,48.19091,16.34132
206,1924,0.2957,1.329,0.383,139.48,48.23394,16.42817
207,1989,0.3456,1.184,0.493,135.37,48.23060,16.35469
208,2015,0.2485,0.208,0.475,64.22,48.16563,16.42522
209,1924,0.3217,1.922,0.310,165.81,48.17006,16.39145
210,1991,0.2587,0.486,0.562,81.93,48.20380,16.35286
211,1923,0.2706,1.567,0.441,152.49,48.26041,16.39398
212,1983,0.3464,0.924,0.339,109.02,48.13296,16.38602
213,1992,0.1206,0.328,0.569,61.61,48.20974,16.42104
214,1948,0.1763,1.160,0.513,121.78,48.15184,16.34258
215,1985,0.1614,1.277,0.324,117.55,48.17780,16.37206
216,1925,0.0933,1.456,0.628,150.60,48.18725,16.36692
217,1900,0.2257,1.663,0.516,150.64,48.18528,16.40521
218,1902,0.3400,1.474,0.449,143.15,48.18132,16.31874
219,1948,0.2572,0.570,0.609,101.69,48.20025,16.42085
220,2007,0.2958,0.403,0.466,87.74,48.18127,16.39332
221,1906,0.3671,1.500,0.447,149.27,48.14881,16.30415
222,1949,0.3862,0.650,0.384,95.13,48.22730,16.43041
223,1981,0.2745,0.861,0.508,113.64,48.22635,16.48170
224,1916,0.3883,1.315,0.498,134.31,48.22951,16.42009
225,1983,0.2874,1.091,0.451,114.75,48.14607,16.44135
226,1929,0.2130,1.959,0.371,167.75,48.21046,16.37427
227,1995,0.2324,0.426,0.463,86.41,48.22366,16.28692
228,1965,0.1616,1.257,0.443,124.09,48.16391,16.27779
229,1961,0.2089,0.920,0.317,102.17,48.20032,16.38275
230,1912,0.2514,1.607,0.303,151.11,48.19593,16.34040
231,1950,0.3443,1.246,0.507,147.97,48.26448,16.32427
232,2001,0.4177,0.509,0.200,79.54,48.26736,16.36686
233,1892,0.1694,1.904,0.471,167.85,48.14175,16.40078
234,1988,0.3114,1.213,0.402,137.85,48.28729,16.29736
235,1954,0.1968,0.990,0.581,111.24,48.16797,16.34756
236,1983,0.3180,0.875,0.401,113.62,48.23432,16.44549
237,1976,0.2695,0.863,0.516,106.52,48.23397,16.31624
238,1946,0.1335,1.117,0.410,114.77,48.16515,16.41349
239,1930,0.3543,1.412,0.461,146.07,48.21726,16.34576
240,1971,0.2316,0.941,0.524,109.94,48.19624,16.39729
241,1908,0.2373,1.518,0.404,140.15,48.21940,16.42487
242,1965,0.1944,1.214,0.550,131.60,48.20807,16.40706
243,1902,0.2277,2.059,0.351,179.51,48.24187,16.41546
244,1974,0.3142,1.410,0.479,145.16,48.20264,16.31242
245,1971,0.2649,1.355,0.542,142.95,48.19412,16.42568
246,1900,0.3063,1.609,0.516,161.94,48.23836,16.32737
247,1988,0.3090,1.437,0.642,150.50,48.22031,16.38298
248,1944,0.3857,1.577,0.374,158.23,48.22561,16.38291
249,1992,0.2526,0.201,0.312,63.01,48.17674,16.39426
250,1895,0.1619,1.691,0.351,160.31,48.16342,16.38685
251,1913,0.3654,2.395,0.516,209.65,48.18013,16.32781
252,1954,0.2535,0.738,0.500,99.65,48.17827,16.30251
253,1914,0.3692,1.423,0.460,152.09,48.22752,16.41362
254,1932,0.3107,1.842,0.338,169.20,48.23416,16.37929
255,1975,0.2695,1.293,0.527,135.89,48.19457,16.42747
256,1908,0.3079,1.478,0.328,140.45,48.25008,16.36776
257,1978,0.4361,0.941,0.566,129.90,48.24790,16.29974
258,1903,0.4462,1.608,0.736,173.81,48.20852,16.41831
259,1912,0.2856,1.670,0.487,158.73,48.17123,16.35148
260,1966,0.2928,0.974,0.508,119.31,48.25514,16.38710
261,1993,0.3661,0.389,0.401,85.96,48.19786,16.33763
262,1912,0.2123,1.706,0.269,145.66,48.20442,16.45222
263,1928,0.3066,1.116,0.390,114.46,48.18811,16.32617
264,2010,0.2779,0.363,0.341,63.51,48.16886,16.35313
265,2018,0.3051,0.589,0.305,80.27,48.14860,16.37537
266,1965,0.2133,1.119,0.622,123.10,48.22215,16.31539
267,1948,0.1528,1.259,0.477,126.69,48.17258,16.38653
268,1935,0.1142,1.621,0.488,142.85,48.30708,16.45060
269,1969,0.1906,1.090,0.419,113.02,48.16199,16.34548
270,1966,0.2433,1.077,0.433,115.44,48.15599,16.38976
271,1928,0.2565,1.264,0.546,134.75,48.21785,16.23253
272,1892,0.4350,1.498,0.447,162.21,48.25353,16.36805
273,1909,0.3685,1.454,0.503,155.53,48.20226,16.35435
274,2014,0.2030,0.280,0.430,67.27,48.22003,16.32908
275,1944,0.3078,1.670,0.416,156.34,48.13548,16.42407
276,1952,0.2474,1.390,0.309,130.68,48.17629,16.35369
277,1950,0.2573,1.025,0.252,109.28,48.16242,16.36113
278,1991,0.2948,0.395,0.424,81.68,48.13367,16.35114
279,1898,0.3295,1.127,0.456,123.79,48.20409,16.27416
280,1900,0.2529,1.110,0.321,116.34,48.12150,16.31340
281,1925,0.3651,1.597,0.447,149.38,48.15372,16.41805
282,1953,0.1886,1.424,0.455,139.48,48.18120,16.26450
283,1977,0.2805,1.173,0.234,120.82,48.17090,16.33168
284,1953,0.4878,1.056,0.358,126.27,48.21387,16.35001
285,1947,0.2978,1.339,0.491,149.11,48.21070,16.45718
286,2011,0.3947,0.247,0.489,74.54,48.23128,16.40843
287,1910,0.2873,1.322,0.335,132.82,48.22633,16.34214
288,1964,0.3265,1.259,0.466,136.22,48.23993,16.43523
289,1960,0.2755,1.112,0.552,128.16,48.19993,16.33297
290,1951,0.2664,1.150,0.528,128.77,48.21062,16.42045
291,1994,0.2176,0.296,0.440,69.96,48.21790,16.30206
292,1924,0.3144,1.492,0.403,150.98,48.20496,16.42366
293,2013,0.2119,0.336,0.387,75.26,48.18610,16.34969
294,1933,0.3332,1.174,0.497,132.95,48.18836,16.31857
295,1960,0.3668,1.134,0.470,134.69,48.17139,16.35914
296,1957,0.3093,1.012,0.513,119.23,48.21476,16.38387
297,2000,0.2571,0.212,0.463,70.95,48.19671,16.34526
298,1947,0.3163,0.674,0.532,99.30,48.17679,16.39770
299,1926,0.2553,1.522,0.459,153.37,48.17682,16.34085
300,1892,0.3548,1.862,0.528,188.30,48.15764,16.40102
301,1937,0.1335,1.431,0.537,139.29,48.23426,16.39211
302,1997,0.2532,0.587,0.370,76.22,48.20275,16.36695
303,1891,0.1207,1.720,0.269,141.72,48.16980,16.34793
304,2006,0.1604,0.370,0.604,84.34,48.22830,16.37758
305,1960,0.3891,1.111,0.476,133.58,48.18038,16.39751
306,1908,0.3516,1.626,0.279,152.62,48.15077,16.47309
307,1929,0.2224,1.563,0.379,149.86,48.23574,16.41697
308,1962,0.1598,1.251,0.527,131.82,48.18120,16.41880
309,1931,0.0800,1.444,0.422,137.69,48.18569,16.52443
310,1904,0.2365,2.115,0.399,185.42,48.20144,16.39580
311,1976,0.4736,0.901,0.590,135.07,48.23999,16.39423
312,1977,0.3148,1.347,0.345,136.99,48.20070,16.40520
313,1905,0.2352,1.617,0.370,153.06,48.15803,16.31955
314,1926,0.3172,1.331,0.471,139.20,48.21904,16.34780
315,1921,0.1551,1.412,0.489,134.85,48.18303,16.34469
316,1975,0.2562,1.261,0.500,141.93,48.26608,16.40238
317,1984,0.2880,0.965,0.541,120.61,48.19996,16.36129
318,1984,0.2731,1.181,0.470,132.41,48.12177,16.37691
319,2012,0.3433,0.249,0.499,76.81,48.21251,16.42437
320,1989,0.3076,1.467,0.424,143.60,48.26806,16.41316
321,1931,0.3335,1.959,0.456,179.75,48.25516,16.36191
322,1904,0.2249,1.732,0.461,166.36,48.26408,16.33650
323,1969,0.3518,0.803,0.472,112.27,48.16431,16.42676
324,2009,0.4103,0.216,0.527,71.58,48.23193,16.40869
325,2016,0.2024,0.455,0.506,80.62,48.17473,16.28969
326,1919,0.2090,1.383,0.454,145.09,48.20785,16.35434
327,1920,0.3869,1.630,0.369,157.08,48.15545,16.37828
328,1894,0.2647,1.457,0.457,136.72,48.17744,16.40894
329,1908,0.3923,1.558,0.447,166.19,48.17633,16.41551
330,1962,0.2446,1.293,0.469,137.25,48.23145,16.38420
331,1961,0.3964,1.159,0.671,143.51,48.22803,16.39926
332,1938,0.2905,1.703,0.398,157.01,48.20969,16.37321
333,1930,0.3007,1.542,0.492,158.63,48.15274,16.33631
334,1997,0.4052,0.354,0.557,86.51,48.18909,16.35694
335,1949,0.2511,0.724,0.460,103.96,48.17389,16.37095
336,1995,0.2047,0.347,0.684,86.03,48.23044,16.36827
337,2015,0.2441,0.329,0.412,72.68,48.24124,16.27572
338,1931,0.3162,2.012,0.482,183.94,48.23697,16.35013
339,1916,0.1547,1.677,0.370,147.49,48.17357,16.37281
340,2013,0.3310,0.441,0.415,88.19,48.10412,16.35593
341,1972,0.2369,1.194,0.475,123.94,48.13816,16.35766
342,1927,0.3718,1.578,0.535,154.65,48.24976,16.39440
343,1970,0.0885,1.642,0.482,150.58,48.18596,16.31605
344,1956,0.2171,1.057,0.576,125.97,48.17372,16.28860
345,2007,0.1451,0.311,0.441,68.58,48.25749,16.35259
346,1923,0.2139,1.822,0.417,164.54,48.24428,16.40821
347,2018,0.2998,0.401,0.720,92.47,48.20086,16.45438
348,2011,0.2657,0.219,0.489,73.21,48.18973,16.40911
349,1913,0.2597,1.672,0.378,153.91,48.19538,16.29659
350,1911,0.2673,1.511,0.381,142.46,48.20795,16.35838
351,1959,0.2963,1.165,0.356,122.22,48.25600,16.38283
352,1895,0.1993,0.867,0.544,117.93,48.21479,16.37888
353,1928,0.3365,1.696,0.414,153.69,48.22541,16.39697
354,1946,0.3330,1.078,0.463,127.62,48.24092,16.32415
355,2016,0.3108,0.273,0.444,65.73,48.15906,16.37325
356,2019,0.3245,0.288,0.523,78.34,48.22642,16.39102
357,1909,0.3037,1.719,0.365,156.89,48.18969,16.41128
358,2005,0.4428,0.293,0.342,67.60,48.11194,16.32971
359,1901,0.2730,1.422,0.472,145.61,48.12551,16.35274
360,1987,0.2554,1.193,0.510,128.80,48.16437,16.23481
361,1999,0.2197,0.521,0.483,76.14,48.21859,16.33893
362,2005,0.1974,0.577,0.369,86.11,48.20398,16.34378
363,1919,0.1804,1.600,0.518,158.40,48.20645,16.31902
364,2006,0.2089,0.357,0.376,76.36,48.26828,16.37828
365,1905,0.2743,2.004,0.398,178.06,48.15558,16.36720
366,1957,0.3067,1.283,0.356,131.71,48.19904,16.25704
367,1951,0.2841,0.753,0.580,114.16,48.21066,16.38078
368,1931,0.2188,1.573,0.513,159.74,48.17423,16.32358
369,1892,0.3520,1.591,0.510,165.61,48.20099,16.39428
370,1990,0.3392,0.336,0.575,80.81,48.14400,16.30591
371,1933,0.2672,1.536,0.731,163.94,48.24935,16.37150
372,1976,0.2278,1.366,0.279,130.58,48.17614,16.35584
373,1943,0.3239,1.831,0.376,159.25,48.27110,16.38516
374,1938,0.2950,1.609,0.388,154.72,48.19886,16.37623
375,2005,0.1641,0.305,0.365,73.67,48.23598,16.35724
376,1902,0.2746,1.573,0.342,149.96,48.19813,16.29319
377,1985,0.3010,1.181,0.420,134.57,48.19892,16.29614
378,1987,0.2080,0.779,0.328,94.32,48.17956,16.34081
379,1939,0.2952,1.350,0.484,140.82,48.20417,16.36959
380,1924,0.1636,1.340,0.455,133.62,48.21113,16.33959
381,1890,0.3869,1.876,0.498,175.84,48.17255,16.40126
382,2011,0.3798,0.371,0.501,81.60,48.19562,16.35604
383,2013,0.2598,0.238,0.510,77.23,48.17865,16.32175
384,1921,0.3091,1.711,0.413,167.06,48.28049,16.35610
385,1894,0.0872,1.716,0.662,156.50,48.19686,16.38129
386,1905,0.1875,1.217,0.473,130.87,48.25408,16.38624
387,1898,0.2565,1.657,0.264,147.13,48.19315,16.46392
388,1998,0.1942,0.252,0.350,62.60,48.20908,16.33655
389,2005,0.3372,0.419,0.276,77.82,48.15375,16.36633
390,1909,0.4398,1.758,0.452,177.34,48.18435,16.39131
391,1987,0.1859,1.350,0.438,133.30,48.20737,16.36883
392,1913,0.2130,1.683,0.403,159.74,48.25551,16.34497
393,1937,0.2988,1.524,0.651,161.59,48.20777,16.29254
394,1967,0.4089,0.917,0.505,124.38,48.24843,16.34446
395,1983,0.1822,0.966,0.523,109.23,48.22243,16.31631
396,2003,0.2999,0.349,0.357,82.99,48.25696,16.28367
397,1895,0.4257,2.049,0.350,187.34,48.19793,16.33022
398,1915,0.1479,1.929,0.454,170.70,48.28366,16.31765
399,1926,0.1775,1.573,0.467,140.46,48.18301,16.39919
400,1930,0.2461,1.688,0.264,145.19,48.17317,16.40005
