id,bauperiode,startjahr,flaeche_m2,kompaktheit,rundheit,fuellgrad
24155178,1860-1883,1860,511.0,5.287,0.1493,0.2158
23453676,1884-1918,1884,83.4,4.236,0.2566,0.3828
23457050,1884-1918,1884,83.2,6.385,0.0315,0.1191
23457053,1884-1918,1884,113.8,5.165,0.0638,0.1738
23453660,1884-1918,1884,135.8,4.848,0.0786,0.2188
23457047,1884-1918,1884,88.3,4.185,0.3011,0.417
23455302,1884-1918,1884,118.4,4.493,0.323,0.3721
23455306,1884-1918,1884,182.4,6.231,0.834,0.2734
23386989,1884-1918,1884,400.8,4.674,0.3641,0.3477
24154020,Nach 1976,1976,396.6,5.175,0.0498,0.1641
24154048,Nach 1976,1976,208.4,5.031,0.0657,0.1797
24155757,Nach 1976,1976,122.8,8.013,0.0462,0.0947
24154077,Nach 1976,1976,43.7,5.799,0.1739,0.1602
24156890,Nach 1976,1976,161.1,4.521,0.3531,0.2871
23457133,1884-1918,1884,181.9,4.414,0.8346,0.4346
23452774,1884-1918,1884,138.7,4.689,0.4364,0.5049
27025280,1884-1918,1884,497.6,6.821,0.6739,0.4404
23452817,1884-1918,1884,182.5,4.241,0.6969,0.5508
23452809,1884-1918,1884,140.4,5.529,0.4315,0.3379
25674234,1860-1883,1860,496.7,6.263,0.3831,0.3125
25674226,1860-1883,1860,251.3,4.949,0.6253,0.4658
27025801,1860-1883,1860,40.3,4.0,0.9535,0.3896
27026241,1860-1883,1860,69.1,6.39,0.0156,0.1094
27026245,1860-1883,1860,162.5,4.867,0.1023,0.1914
27026246,1860-1883,1860,46.9,9.27,0.0692,0.0371
27025331,1860-1883,1860,61.0,4.079,0.5331,0.4893
23453650,1860-1883,1860,649.8,5.567,0.6206,0.5459
25020875,1884-1918,1884,507.5,5.141,0.4659,0.2959
25020882,1884-1918,1884,53.5,4.073,0.453,0.5137
23457184,1884-1918,1884,608.3,5.802,0.1249,0.21
25674203,1860-1883,1860,285.3,4.646,0.6828,0.5
25022046,1884-1918,1884,110.9,4.963,0.0675,0.2188
25022043,1884-1918,1884,321.4,5.187,0.5924,0.4043
25020959,1884-1918,1884,86.6,4.536,0.1323,0.2725
24156977,1884-1918,1884,421.9,5.136,0.1534,0.2646
23453990,1884-1918,1884,99.9,5.935,0.1341,0.1299
23453986,1884-1918,1884,59.3,4.24,0.3013,0.2744
23453989,1884-1918,1884,49.9,4.577,0.4426,0.2119
23453976,1884-1918,1884,172.8,5.939,0.0691,0.1484
23453969,1884-1918,1884,175.1,5.189,0.0487,0.1641
25675937,1781-1848,1781,361.5,4.468,0.5861,0.3164
25675935,1781-1848,1781,67.2,4.457,0.6267,0.3926
27027075,1860-1883,1860,490.9,6.026,0.4411,0.2607
23456436,1884-1918,1884,229.4,4.738,0.7439,0.2764
23454661,1884-1918,1884,96.5,5.17,0.1582,0.3018
23453622,1946-1976,1946,89.4,5.195,0.0488,0.1611
23453629,1946-1976,1946,226.1,4.295,0.296,0.3877
23453616,1946-1976,1946,42.5,5.187,0.1768,0.1074
23453617,1946-1976,1946,192.1,4.172,0.3735,0.2646
27025526,1884-1918,1884,413.8,6.859,0.2276,0.2227
27025533,1884-1918,1884,315.6,5.72,0.1143,0.1924
27025163,1884-1918,1884,328.6,6.439,0.2418,0.2363
23453668,1884-1918,1884,343.6,4.422,0.347,0.2998
23453735,1884-1918,1884,326.7,4.372,0.3649,0.3408
23453981,1884-1918,1884,193.5,8.203,0.448,0.1758
23455362,1884-1918,1884,287.8,4.85,0.1071,0.2012
23454022,1884-1918,1884,56.7,4.056,0.4843,0.5459
23454007,1884-1918,1884,88.1,4.418,0.5512,0.4658
23454003,1884-1918,1884,60.3,4.153,0.3279,0.4375
25022058,1884-1918,1884,1404.5,7.93,0.8251,0.457
25020892,1884-1918,1884,74.9,4.206,0.2793,0.3877
25020925,1884-1918,1884,148.3,5.043,0.1255,0.2725
25022053,1884-1918,1884,465.6,6.34,0.5896,0.3486
27025272,1884-1918,1884,442.7,6.529,0.527,0.3926
23390374,1884-1918,1884,104.9,4.999,0.6199,0.2363
23389639,1884-1918,1884,605.3,5.816,0.3244,0.1416
23382073,1884-1918,1884,82.5,4.534,0.3416,0.2969
23382076,1884-1918,1884,184.9,4.811,0.5395,0.3193
23453716,1781-1848,1781,270.9,4.345,0.2518,0.373
23452793,1884-1918,1884,96.0,4.177,0.5357,0.4639
23452786,1884-1918,1884,66.7,4.26,0.6012,0.3438
27025787,1884-1918,1884,936.6,7.35,0.3189,0.2334
27025147,1884-1918,1884,66.2,4.061,0.7227,0.2988
27025741,1884-1918,1884,241.0,5.67,0.1586,0.1514
27025738,1884-1918,1884,99.8,4.246,0.2494,0.3809
27025772,1884-1918,1884,52.9,4.416,0.1657,0.3184
25020913,1884-1918,1884,363.9,4.918,0.8513,0.4297
23457191,1884-1918,1884,477.9,5.142,0.4843,0.3564
25023778,1884-1918,1884,400.9,4.951,0.4723,0.3203
25020867,1884-1918,1884,62.1,4.819,0.2238,0.2627
23453696,1884-1918,1884,436.6,5.377,0.2002,0.2305
23453666,1884-1918,1884,133.8,4.267,0.2377,0.3818
27025545,1884-1918,1884,300.7,5.301,0.3371,0.2617
25674224,1884-1918,1884,40.6,6.384,0.6261,0.2109
25674216,1884-1918,1884,129.0,4.015,0.7627,0.3564
25674232,1884-1918,1884,56.6,4.471,0.151,0.2754
25674227,1884-1918,1884,143.9,4.251,0.8705,0.3564
24332077,1884-1918,1884,350.2,5.334,0.409,0.3535
26618208,1781-1848,1781,210.4,5.095,0.845,0.418
25535743,1884-1918,1884,201.4,5.263,0.333,0.2158
25535754,1884-1918,1884,105.2,4.081,0.4404,0.4014
25537974,1884-1918,1884,461.5,6.214,0.0819,0.1982
25537969,1884-1918,1884,109.9,5.993,0.1116,0.124
25537967,1884-1918,1884,62.4,6.228,0.0634,0.1123
25537966,1884-1918,1884,67.7,5.21,0.0694,0.1602
25537968,1884-1918,1884,54.7,10.334,0.1693,0.1289
26551859,1884-1918,1884,180.2,4.885,0.7173,0.2842
25850632,1860-1883,1860,73.9,5.504,0.0342,0.1533
23532587,1860-1883,1860,163.8,4.107,0.8639,0.5537
23532584,1860-1883,1860,860.4,6.108,0.0576,0.1387
25524322,1860-1883,1860,640.4,4.505,0.1401,0.2627
23530758,1860-1883,1860,505.2,4.088,0.4289,0.4814
23532563,1860-1883,1860,76.5,4.352,0.1631,0.2812
23530757,1860-1883,1860,48.4,8.273,0.0045,0.0537
25536562,1860-1883,1860,695.8,10.756,0.1564,0.1387
25536644,1860-1883,1860,98.8,4.652,0.1118,0.2305
23530760,1860-1883,1860,172.0,4.22,0.2713,0.3779
23530759,1860-1883,1860,54.8,8.008,0.0053,0.0518
23530413,1860-1883,1860,257.3,5.999,0.021,0.1094
23532580,1860-1883,1860,545.8,5.182,0.062,0.166
23528392,1860-1883,1860,362.1,4.586,0.1212,0.2715
23528411,1860-1883,1860,1222.8,5.369,0.041,0.1641
23532549,1860-1883,1860,438.3,4.023,0.8747,0.5156
23528410,1860-1883,1860,1133.4,6.905,0.0138,0.0791
23530734,1860-1883,1860,506.4,4.088,0.4256,0.4795
23528540,1860-1883,1860,44.1,3.738,0.8834,0.5508
25859859,1860-1883,1860,195.5,4.054,0.5258,0.5264
25859860,1860-1883,1860,52.8,5.317,0.0419,0.1582
23530513,1860-1883,1860,276.7,4.323,0.2034,0.3281
23532462,1860-1883,1860,43.7,3.792,0.9419,0.459
23532451,1860-1883,1860,44.5,3.765,0.9226,0.4727
23530720,1860-1883,1860,498.7,4.082,0.4386,0.4873
23530700,1860-1883,1860,172.5,4.218,0.2727,0.3809
23528513,1860-1883,1860,44.1,3.738,0.8807,0.543
23532447,1860-1883,1860,84.9,6.382,0.0399,0.0928
25535011,1860-1883,1860,426.4,4.006,0.9009,0.4795
23532484,1860-1883,1860,661.6,4.489,0.1437,0.2734
23528580,1860-1883,1860,297.0,4.382,0.3728,0.3604
23530748,1860-1883,1860,506.9,4.089,0.4253,0.4795
23530755,1860-1883,1860,506.2,4.088,0.426,0.4805
23528405,1860-1883,1860,1399.9,4.248,0.8821,0.5596
23528429,1860-1883,1860,52.7,3.784,0.7804,0.5156
23528420,1884-1918,1884,731.4,6.812,0.0671,0.1807
24776641,1884-1918,1884,292.1,6.142,0.3214,0.1602
24776651,1884-1918,1884,267.7,5.316,0.4844,0.2588
24801020,1884-1918,1884,103.5,5.285,0.5359,0.2803
24800139,1884-1918,1884,68.8,4.229,0.2524,0.3828
23249678,1884-1918,1884,259.6,5.661,0.5197,0.2012
23249858,1884-1918,1884,186.3,4.184,0.7625,0.4287
24518076,1884-1918,1884,161.1,4.804,0.0843,0.2188
24518075,1884-1918,1884,172.8,6.904,0.2137,0.1543
24518107,1884-1918,1884,63.8,4.211,0.3049,0.4238
24517905,1884-1918,1884,111.1,4.151,0.5885,0.4678
24517906,1884-1918,1884,230.8,5.384,0.479,0.2451
25533827,1781-1848,1781,364.3,6.856,0.7543,0.165
25534453,1781-1848,1781,118.4,9.778,0.3283,0.2129
27105292,Vor 1683,1683,650.4,6.531,0.7086,0.373
25452069,1884-1918,1884,559.9,5.62,0.5846,0.4824
25452065,1884-1918,1884,214.1,6.392,0.2556,0.2803
24796475,1946-1976,1946,136.6,8.144,0.19,0.0732
24800090,1946-1976,1946,612.1,5.986,0.831,0.3203
24800063,1946-1976,1946,54.1,4.314,0.1982,0.3281
24796843,1884-1918,1884,660.7,6.434,0.6586,0.3281
24800514,1884-1918,1884,91.6,5.255,0.6805,0.2627
24715203,1946-1976,1946,119.2,7.174,0.0166,0.0928
24714892,1946-1976,1946,200.9,5.448,0.0373,0.1641
24716834,1946-1976,1946,63.6,9.981,0.0042,0.0547
24716826,1946-1976,1946,1378.5,6.949,0.4015,0.4004
24715192,1946-1976,1946,85.2,7.074,0.009,0.0547
24716807,1946-1976,1946,40.7,7.766,0.0059,0.0547
24716830,1946-1976,1946,139.1,8.075,0.0049,0.0547
24716820,1946-1976,1946,297.5,4.224,0.2502,0.3828
24715200,1946-1976,1946,154.8,7.377,0.0264,0.1211
25541659,1884-1918,1884,98.5,4.559,0.1279,0.2734
25540808,1884-1918,1884,106.4,4.089,0.5951,0.5117
25541677,1884-1918,1884,61.0,4.417,0.1668,0.3203
25541232,1884-1918,1884,460.8,6.145,0.2605,0.2627
25541684,1884-1918,1884,608.8,6.259,0.082,0.2031
25541699,1884-1918,1884,276.6,4.201,0.6868,0.3926
25541687,1884-1918,1884,125.9,4.204,0.4487,0.4316
25541702,1884-1918,1884,858.7,6.644,0.0837,0.1875
25456385,1860-1883,1860,660.4,8.908,0.5051,0.3486
25458900,1860-1883,1860,76.6,4.028,0.6347,0.5928
25456383,1860-1883,1860,195.0,5.577,0.3285,0.2539
25405007,1884-1918,1884,159.2,6.019,0.7366,0.4355
25450059,1860-1883,1860,576.5,6.172,0.9966,0.2451
25450091,1860-1883,1860,57.4,4.562,0.2121,0.2988
23245672,1884-1918,1884,327.8,5.61,0.2911,0.2803
24453601,1884-1918,1884,369.6,4.864,0.6365,0.3164
23245581,1884-1918,1884,401.0,5.211,0.3608,0.3408
25408504,Vor 1683,1683,294.3,5.928,0.1978,0.2422
24790968,1683-1740,1683,566.9,6.308,0.6229,0.3613
24797405,Vor 1683,1683,1638.8,6.273,0.1233,0.207
24791365,Vor 1683,1683,1338.6,7.618,0.3611,0.1514
24791435,Vor 1683,1683,281.7,4.406,0.1747,0.3096
24804359,Vor 1683,1683,52.7,5.568,0.3486,0.1953
24791407,Vor 1683,1683,334.6,4.259,0.2617,0.3135
24791008,1781-1848,1781,1187.4,7.966,0.1872,0.2451
25869975,1884-1918,1884,378.7,7.69,0.9672,0.3223
25869988,1884-1918,1884,51.6,4.466,0.4258,0.3213
23245412,1884-1918,1884,284.0,4.578,0.7836,0.4707
23247630,1884-1918,1884,464.7,6.839,0.1956,0.3057
25900259,1884-1918,1884,880.9,6.77,0.24,0.2959
25900233,1884-1918,1884,42.9,4.135,0.4795,0.3262
26809204,1946-1976,1946,218.1,4.67,0.2827,0.3711
26810380,1946-1976,1946,79.4,4.293,0.2302,0.3281
24149938,1884-1918,1884,149.8,5.77,0.2631,0.1406
24149930,1884-1918,1884,123.4,4.705,0.1136,0.1846
23702962,1884-1918,1884,170.0,4.674,0.1075,0.25
23702960,1884-1918,1884,328.4,6.378,0.545,0.2695
23710445,1884-1918,1884,45.4,5.104,0.3027,0.1855
23708440,1884-1918,1884,169.6,4.652,0.1095,0.2559
23708476,1884-1918,1884,362.9,8.11,0.4184,0.3291
25450663,1860-1883,1860,92.9,5.71,0.2708,0.1309
25450646,1860-1883,1860,256.8,4.939,0.4941,0.5332
25869998,1884-1918,1884,128.1,6.519,0.4052,0.2021
25869992,1884-1918,1884,93.8,4.424,0.1544,0.2891
24800005,1781-1848,1781,53.8,6.855,0.0452,0.0615
24790722,1781-1848,1781,172.5,4.691,0.0946,0.2061
24790796,1781-1848,1781,41.6,5.032,0.0614,0.1602
25406854,1884-1918,1884,61.6,4.56,0.1274,0.2734
25406976,1884-1918,1884,2472.6,7.456,0.4487,0.2656
25408599,1884-1918,1884,194.2,4.774,0.1488,0.2529
25408607,1884-1918,1884,269.9,4.597,0.2929,0.2324
25408613,1884-1918,1884,171.1,4.59,0.1139,0.2734
25408173,1884-1918,1884,45.6,4.317,0.3531,0.3584
25408623,1884-1918,1884,261.1,5.814,0.057,0.1416
25406857,1884-1918,1884,68.4,4.468,0.2337,0.2607
25406969,1884-1918,1884,86.0,4.975,0.083,0.1514
23600782,1919-1945,1919,163.9,5.645,0.3041,0.375
23599057,1919-1945,1919,42.1,4.74,0.7549,0.418
23599069,1919-1945,1919,55.3,4.126,0.6853,0.3789
25452050,1884-1918,1884,1097.6,7.605,0.3259,0.3154
25450571,1884-1918,1884,234.0,4.621,0.2671,0.292
24714460,1884-1918,1884,466.2,6.535,0.18,0.1973
24714463,1884-1918,1884,125.8,4.769,0.0885,0.2109
24712289,1781-1848,1781,255.0,5.541,0.0488,0.1602
24254088,1884-1918,1884,69.5,4.211,0.8715,0.4434
24251355,1884-1918,1884,77.8,5.59,0.1072,0.1992
24254110,1884-1918,1884,205.2,4.991,0.1149,0.251
24251370,1884-1918,1884,100.7,6.457,0.1951,0.1338
24251537,1884-1918,1884,47.5,4.748,0.3042,0.2588
24792089,1884-1918,1884,421.8,5.825,0.3789,0.2754
24792102,1884-1918,1884,40.5,3.888,0.8608,0.5244
24792108,1884-1918,1884,87.3,4.712,0.2122,0.2344
23245642,1884-1918,1884,542.4,6.442,0.2958,0.3037
23245551,1884-1918,1884,385.7,4.524,0.332,0.3154
19282380,1884-1918,1884,249.5,4.566,0.4888,0.4258
25451497,1884-1918,1884,212.7,6.904,0.0464,0.1348
21947480,1849-1859,1849,2230.5,7.751,0.8427,0.2783
25405415,1884-1918,1884,209.2,7.21,0.0333,0.1201
24716805,1884-1918,1884,1478.6,5.883,0.3214,0.3701
24153279,1884-1918,1884,385.7,6.261,0.0709,0.1621
23691527,1884-1918,1884,117.9,5.416,0.2916,0.2178
23691521,1884-1918,1884,208.0,5.722,0.1965,0.166
23691518,1884-1918,1884,42.5,5.744,0.2109,0.2764
24796591,1884-1918,1884,126.1,7.484,0.1268,0.1504
24796592,1884-1918,1884,307.0,5.741,0.2111,0.1494
24245784,1860-1883,1860,321.8,6.089,0.3304,0.3818
24245684,1860-1883,1860,62.2,4.011,0.7961,0.4482
24245690,1860-1883,1860,52.3,3.99,0.9143,0.5527
21945300,1946-1976,1946,42.4,4.975,0.0676,0.1973
21942125,1946-1976,1946,358.5,7.552,0.3116,0.1523
21948525,1946-1976,1946,151.2,5.554,0.3119,0.2783
21948518,1946-1976,1946,69.0,3.793,0.8257,0.4082
25456092,1884-1918,1884,139.6,4.675,0.1316,0.2383
25456094,1884-1918,1884,96.9,4.0,0.9363,0.4932
25456093,1884-1918,1884,86.1,4.575,0.6907,0.4678
25456105,1884-1918,1884,79.2,4.063,0.6902,0.5879
25457467,1884-1918,1884,43.6,4.223,0.2539,0.3828
25456114,1884-1918,1884,463.7,4.672,0.5072,0.3672
25455437,1884-1918,1884,134.3,4.717,0.1161,0.2266
24149302,1884-1918,1884,181.2,4.514,0.3563,0.2822
24149326,1884-1918,1884,252.1,4.425,0.5088,0.3613
24151734,1884-1918,1884,69.9,5.416,0.1492,0.2012
24153291,1884-1918,1884,45.1,6.577,0.4311,0.165
24153259,1884-1918,1884,67.2,5.529,0.0347,0.1455
24153274,1884-1918,1884,166.2,5.515,0.435,0.332
24251161,1919-1945,1919,338.5,4.99,0.3843,0.2598
25406953,1884-1918,1884,149.7,4.802,0.1723,0.1865
24040240,1860-1883,1860,131.4,6.305,0.0855,0.1836
24040018,1860-1883,1860,763.0,6.149,0.2414,0.3066
24040181,1884-1918,1884,351.6,5.454,0.7359,0.3027
23528029,1884-1918,1884,234.9,4.6,0.7321,0.2783
23530580,1884-1918,1884,40.7,4.649,0.2806,0.2998
23530577,1884-1918,1884,74.5,4.151,0.7311,0.376
23528042,1884-1918,1884,190.2,5.174,0.0623,0.1504
23528074,1884-1918,1884,108.7,5.625,0.0304,0.1123
23528098,1884-1918,1884,165.4,4.753,0.4008,0.251
25548307,1884-1918,1884,523.7,5.993,0.3112,0.2295
25870018,1884-1918,1884,77.1,5.867,0.412,0.2383
25870021,1884-1918,1884,130.6,3.819,0.5706,0.4482
25870023,1884-1918,1884,54.9,5.267,0.057,0.1699
25870020,1884-1918,1884,44.7,6.204,0.0517,0.0967
25870022,1884-1918,1884,410.5,4.266,0.6778,0.3613
25870009,1884-1918,1884,392.8,4.814,0.5861,0.3115
23378359,1884-1918,1884,245.8,4.134,0.4663,0.4531
23378360,1884-1918,1884,67.1,4.579,0.4739,0.2188
23378367,1884-1918,1884,49.8,4.024,0.6174,0.6016
24332053,1884-1918,1884,86.6,5.615,0.1602,0.2627
24332072,1884-1918,1884,292.0,4.833,0.2164,0.3477
24332032,1884-1918,1884,664.6,5.62,0.1281,0.2305
24327465,1884-1918,1884,226.1,5.309,0.1303,0.1709
24327471,1884-1918,1884,886.5,7.495,0.5199,0.2832
24332006,1884-1918,1884,86.8,4.341,0.2014,0.3311
24149343,1884-1918,1884,43.5,4.628,0.5279,0.2822
24149328,1884-1918,1884,152.6,5.926,0.2112,0.1504
23247648,1884-1918,1884,387.5,5.112,0.2938,0.3154
25408336,Nach 1976,1976,99.5,8.276,0.0628,0.0625
25408352,Nach 1976,1976,350.1,7.239,0.1344,0.1377
25408338,Nach 1976,1976,130.3,6.001,0.0691,0.126
25408348,Nach 1976,1976,71.5,5.007,0.0973,0.168
24792459,1860-1883,1860,48.3,4.164,0.3051,0.4375
24795934,1860-1883,1860,217.0,7.152,0.0093,0.0547
24792447,1860-1883,1860,58.1,4.08,0.4336,0.4922
24792375,1860-1883,1860,257.4,4.335,0.2328,0.3467
24792382,1860-1883,1860,1315.6,8.001,0.0504,0.1436
24792384,1860-1883,1860,46.3,4.394,0.1639,0.3281
24792361,1860-1883,1860,2122.3,4.327,0.2578,0.3818
24795933,1860-1883,1860,193.8,4.495,0.145,0.2734
24792431,1860-1883,1860,138.9,4.899,0.074,0.2109
23246013,1884-1918,1884,572.2,6.954,0.4886,0.46
23246017,1884-1918,1884,591.4,5.87,0.488,0.4668
23246063,1884-1918,1884,264.8,5.068,0.26,0.3555
23246033,1884-1918,1884,86.6,7.303,0.3626,0.2471
23248248,1884-1918,1884,265.4,5.411,0.3065,0.3584
23528046,1884-1918,1884,105.4,4.558,0.2015,0.2822
23530588,1884-1918,1884,126.5,5.588,0.6466,0.2715
23528004,1884-1918,1884,114.5,4.308,0.2107,0.332
23530598,1884-1918,1884,414.2,6.923,0.3999,0.2637
23531994,1884-1918,1884,342.1,5.63,0.1634,0.2627
23530147,1884-1918,1884,128.7,4.481,0.4542,0.4053
23448096,1884-1918,1884,120.4,4.08,0.4795,0.4668
23448093,1884-1918,1884,57.7,4.836,0.3501,0.2148
23448073,1884-1918,1884,181.0,4.85,0.0792,0.208
23448081,1884-1918,1884,104.7,4.031,0.5855,0.5088
23448080,1884-1918,1884,87.5,6.538,0.3822,0.1475
23448079,1884-1918,1884,42.9,7.687,0.245,0.124
23841398,1884-1918,1884,275.4,9.226,0.2169,0.1094
23837387,1884-1918,1884,89.2,4.356,0.2077,0.3271
23837375,1884-1918,1884,410.2,6.006,0.0814,0.123
23393022,1884-1918,1884,98.2,4.109,0.3878,0.4727
23393002,1884-1918,1884,274.5,4.393,0.2601,0.377
23392993,1884-1918,1884,86.3,4.178,0.302,0.4258
23393000,1884-1918,1884,552.5,5.708,0.1369,0.2422
25543522,1884-1918,1884,274.4,5.573,0.5434,0.3105
25543531,1884-1918,1884,243.8,5.615,0.7672,0.3643
25543683,1884-1918,1884,127.9,5.0,0.0655,0.1807
25545943,1884-1918,1884,278.6,4.187,0.2949,0.4131
23530564,1884-1918,1884,42.1,3.92,0.8374,0.54
23530565,1884-1918,1884,138.6,4.756,0.1136,0.1836
23534669,1884-1918,1884,205.3,6.324,0.8907,0.3545
23531977,1884-1918,1884,191.8,4.168,0.8121,0.6357
25451137,1884-1918,1884,583.1,7.095,0.3588,0.168
25451136,1884-1918,1884,124.6,6.34,0.0932,0.1953
25408534,1884-1918,1884,266.4,5.642,0.3281,0.1777
25408537,1884-1918,1884,101.3,8.005,0.2209,0.1768
27105314,1884-1918,1884,528.5,6.31,0.1312,0.167
27104809,1884-1918,1884,40.8,4.945,0.5011,0.3906
27105311,1884-1918,1884,41.8,7.0,0.3356,0.2314
25535638,1884-1918,1884,740.9,8.198,0.4762,0.1152
25537991,1884-1918,1884,191.9,6.265,0.1504,0.1895
25537989,1884-1918,1884,91.7,4.846,0.346,0.2432
25535693,1884-1918,1884,101.3,4.381,0.2212,0.2461
24621055,1884-1918,1884,160.4,5.159,0.3576,0.2305
24620467,1884-1918,1884,217.1,5.592,0.4183,0.2764
23598287,1884-1918,1884,227.8,5.945,0.1622,0.2734
24806057,1884-1918,1884,546.1,6.825,0.3939,0.2568
24799650,1884-1918,1884,101.9,4.114,0.5937,0.335
25405441,1946-1976,1946,537.2,7.654,0.6931,0.2852
25405477,1946-1976,1946,60.7,4.066,0.5573,0.3613
25408419,1946-1976,1946,45.8,4.104,0.9609,0.5039
25405512,1946-1976,1946,66.6,5.615,0.2514,0.1748
25405497,1946-1976,1946,68.2,4.001,0.8827,0.625
25405281,1884-1918,1884,644.2,8.455,0.3445,0.1934
25405318,1884-1918,1884,87.5,4.877,0.1124,0.2207
25406946,1884-1918,1884,78.2,9.365,0.2472,0.084
23527537,1884-1918,1884,758.7,6.878,0.2958,0.2256
25546428,1884-1918,1884,462.9,5.969,0.2266,0.1777
25548845,1884-1918,1884,703.2,5.202,0.6439,0.4219
25548839,1884-1918,1884,81.4,5.419,0.5187,0.2363
25548841,1884-1918,1884,62.9,4.592,0.3476,0.2734
25546438,1884-1918,1884,567.3,6.724,0.4395,0.2178
25548783,1884-1918,1884,74.8,4.826,0.4608,0.2041
25548007,1884-1918,1884,232.0,5.031,0.1693,0.2764
25546432,1884-1918,1884,556.2,4.002,0.9101,0.46
25546429,1884-1918,1884,130.5,8.305,0.0219,0.0459
25405570,1946-1976,1946,40.2,7.869,0.0067,0.0547
25408345,1946-1976,1946,241.2,4.781,0.2964,0.3535
24713149,1884-1918,1884,100.4,6.73,0.3337,0.3232
24715238,1884-1918,1884,60.5,4.033,0.5759,0.4541
24797102,1946-1976,1946,60.6,7.102,0.0425,0.1104
24791023,1946-1976,1946,46.8,5.621,0.032,0.1074
24796267,1946-1976,1946,113.2,8.618,0.3789,0.0986
24790992,1946-1976,1946,277.5,5.683,0.701,0.292
24791005,1946-1976,1946,48.8,4.378,0.3067,0.3936
25450715,1884-1918,1884,389.6,8.235,0.08,0.0986
25451470,1884-1918,1884,142.0,4.913,0.4694,0.2715
25450722,1884-1918,1884,48.5,3.546,0.958,0.6035
25450716,1884-1918,1884,194.5,4.677,0.7211,0.3496
25450720,1884-1918,1884,84.7,4.049,0.6044,0.4102
27105280,1884-1918,1884,43.8,4.004,0.9395,0.3594
27105284,1884-1918,1884,397.4,8.498,0.1304,0.1924
27105282,1884-1918,1884,46.7,4.192,0.2779,0.418
27105278,1884-1918,1884,46.7,4.192,0.2778,0.417
24620626,1884-1918,1884,579.7,6.2,0.5535,0.2949
24620620,1884-1918,1884,46.7,8.708,0.0141,0.0479
24620681,1884-1918,1884,282.8,4.198,0.6695,0.4463
24620677,1884-1918,1884,127.2,5.055,0.4943,0.4873
24620652,1884-1918,1884,50.6,8.384,0.0146,0.0537
24621051,1884-1918,1884,671.8,11.172,0.37,0.126
24620542,1884-1918,1884,121.2,4.246,0.8486,0.3828
24620580,1884-1918,1884,95.4,3.547,0.9573,0.6016
23598292,1884-1918,1884,173.4,5.322,0.2874,0.3965
23598937,1884-1918,1884,110.8,4.36,0.3459,0.3291
23596024,1884-1918,1884,215.6,4.141,0.3884,0.3867
23592902,1884-1918,1884,53.5,6.359,0.0997,0.1572
23591004,1884-1918,1884,240.8,5.068,0.7397,0.4141
23590954,1884-1918,1884,218.1,5.352,0.2755,0.1787
24715143,1884-1918,1884,393.7,7.297,0.249,0.209
24711859,1884-1918,1884,46.2,4.171,0.4617,0.3809
25450974,1946-1976,1946,323.4,6.044,0.3676,0.2256
25450973,1946-1976,1946,112.7,10.137,0.3393,0.0547
25450972,1946-1976,1946,90.3,11.708,0.2865,0.04
25525477,1860-1883,1860,512.3,6.719,0.7713,0.3818
24790997,1741-1780,1741,425.6,6.032,0.4605,0.3574
25450445,1884-1918,1884,377.8,5.606,0.0933,0.1719
25450451,1884-1918,1884,90.9,3.943,0.6864,0.3574
24792308,1884-1918,1884,625.5,5.461,0.8271,0.3184
24800328,1884-1918,1884,407.3,4.664,0.3331,0.2705
24800329,1884-1918,1884,68.4,6.94,0.2234,0.1562
24800345,1884-1918,1884,349.9,5.751,0.6329,0.3115
24790971,1683-1740,1683,129.2,4.39,0.2204,0.2412
23247670,1884-1918,1884,375.0,5.621,0.324,0.3184
24146300,1884-1918,1884,420.8,7.333,0.6284,0.1963
24148536,1884-1918,1884,71.6,4.363,0.462,0.3594
24148540,1884-1918,1884,56.0,4.686,0.1363,0.21
24148547,1884-1918,1884,42.1,4.573,0.165,0.25
24148530,1884-1918,1884,47.2,5.477,0.5917,0.2861
24150200,1884-1918,1884,850.7,5.577,0.2664,0.2148
24251141,1919-1945,1919,308.1,4.218,0.3669,0.4443
23247092,1884-1918,1884,539.7,4.984,0.2685,0.2363
23245144,1884-1918,1884,113.5,4.481,0.5042,0.3232
25450621,1884-1918,1884,344.2,5.962,0.6,0.4004
24711828,1860-1883,1860,305.7,5.554,0.5682,0.2695
24711829,1860-1883,1860,244.2,7.249,0.8342,0.2852
24711834,1860-1883,1860,77.5,10.314,0.4825,0.207
24711837,1860-1883,1860,82.2,4.3,0.2049,0.3418
24790897,1884-1918,1884,613.3,5.596,0.9497,0.3457
24800324,1884-1918,1884,408.5,5.28,0.3055,0.2451
24796376,1884-1918,1884,49.9,3.805,0.6618,0.4932
24712228,1884-1918,1884,266.3,4.373,0.74,0.3066
24621058,1884-1918,1884,794.7,6.989,0.1541,0.1787
24621631,1884-1918,1884,474.6,7.677,0.0793,0.0684
24620390,1884-1918,1884,96.9,4.017,0.7624,0.3975
25405105,1860-1883,1860,64.2,4.44,0.2754,0.2979
25408625,1860-1883,1860,938.2,7.671,0.1144,0.1484
24149275,1884-1918,1884,666.0,6.079,0.6425,0.3047
24151743,1884-1918,1884,90.2,4.004,0.8611,0.4746
25547238,1781-1848,1781,249.5,4.178,0.3242,0.4248
25547244,1781-1848,1781,1069.4,8.914,0.3102,0.1309
27243894,1683-1740,1683,55.1,4.029,0.6188,0.5645
27243891,1683-1740,1683,100.8,4.063,0.4958,0.5195
27247678,1683-1740,1683,2491.4,9.212,0.0139,0.0469
27243919,1683-1740,1683,198.5,9.915,0.0044,0.0537
27243855,1683-1740,1683,161.6,4.011,0.5256,0.5449
27245417,1683-1740,1683,60.9,4.006,0.791,0.5654
27245418,1683-1740,1683,54.7,4.094,0.6504,0.5576
27247657,1683-1740,1683,99.5,4.998,0.1104,0.1582
27245975,1683-1740,1683,266.3,5.569,0.0335,0.1328
27245979,1683-1740,1683,42.7,4.085,0.4424,0.4824
27245994,1683-1740,1683,206.8,4.46,0.4254,0.2568
27246013,1683-1740,1683,159.8,3.968,0.5337,0.5264
27245415,1683-1740,1683,1158.3,6.24,0.0811,0.1807
27245937,1683-1740,1683,135.6,5.67,0.1004,0.1758
27247622,1683-1740,1683,494.7,6.973,0.0109,0.0635
27247474,1683-1740,1683,109.3,4.812,0.1062,0.2305
27247712,1683-1740,1683,1281.8,7.216,0.0302,0.0723
27245410,1683-1740,1683,139.3,4.007,0.5417,0.4336
27247641,1683-1740,1683,153.9,4.005,0.8997,0.4346
24250255,1919-1945,1919,305.8,4.22,0.3666,0.4453
24250400,1849-1859,1849,298.1,6.094,0.6981,0.4434
25415733,1919-1945,1919,103.9,10.48,0.0627,0.0293
25416439,1919-1945,1919,311.4,6.508,0.0723,0.1748
24521847,1919-1945,1919,89.5,5.583,0.0613,0.1699
24521883,1919-1945,1919,256.1,6.37,0.1357,0.1914
24517978,1919-1945,1919,177.7,5.195,0.0823,0.21
24517975,1919-1945,1919,427.2,6.721,0.0724,0.1562
24517995,1919-1945,1919,49.2,4.047,0.5402,0.5283
24517984,1919-1945,1919,415.4,5.801,0.1306,0.1914
24517998,1919-1945,1919,49.1,4.048,0.5387,0.5215
27244375,1946-1976,1946,148.2,4.034,0.5909,0.4971
27244362,1946-1976,1946,50.8,9.911,0.7548,0.1855
27244364,1946-1976,1946,54.1,4.028,0.6462,0.5596
27247405,1946-1976,1946,123.3,4.159,0.4589,0.4199
27247309,1946-1976,1946,764.1,8.315,0.0548,0.1221
27247239,1946-1976,1946,75.2,4.383,0.1841,0.3281
27247298,1946-1976,1946,168.5,9.56,0.1201,0.0723
27247297,1946-1976,1946,113.8,4.105,0.415,0.4834
27244371,1946-1976,1946,243.7,4.142,0.3588,0.4424
27247412,1946-1976,1946,1166.4,7.107,0.2071,0.2461
27244184,1946-1976,1946,179.8,4.239,0.2433,0.3828
27244182,1946-1976,1946,187.1,4.316,0.218,0.3193
27244183,1946-1976,1946,96.0,4.495,0.1631,0.2754
27244995,1946-1976,1946,314.3,4.691,0.2209,0.2207
25545558,1884-1918,1884,458.8,6.237,0.373,0.2432
24251047,1781-1848,1781,71.5,4.099,0.4019,0.4707
26787853,1781-1848,1781,425.7,4.567,0.1832,0.2461
24251420,1781-1848,1781,81.7,11.703,0.8774,0.1582
24252640,1781-1848,1781,179.0,4.903,0.0736,0.2061
24251467,1781-1848,1781,132.5,4.005,0.8772,0.3584
24251075,1781-1848,1781,43.6,4.602,0.3376,0.2578
24251019,1781-1848,1781,545.9,4.519,0.127,0.2734
24251001,1781-1848,1781,532.9,4.01,0.8065,0.6104
24250978,1781-1848,1781,542.3,4.517,0.1272,0.2734
24250996,1781-1848,1781,46.4,6.814,0.011,0.0645
24252614,1781-1848,1781,2785.4,9.941,0.7022,0.1367
24250350,1781-1848,1781,71.5,4.336,0.187,0.3281
24250332,1781-1848,1781,122.0,4.202,0.2725,0.3828
24250320,1781-1848,1781,75.3,4.295,0.2056,0.377
24251243,1781-1848,1781,60.7,4.224,0.2548,0.3828
24252611,1781-1848,1781,380.2,4.442,0.168,0.2559
24252615,1781-1848,1781,1475.4,7.165,0.128,0.1592
24254250,1781-1848,1781,43.4,5.194,0.2254,0.293
24252601,1781-1848,1781,45.1,4.105,0.4234,0.4902
24251064,1781-1848,1781,354.5,4.211,0.2904,0.3691
24251050,1781-1848,1781,170.5,4.107,0.6688,0.3926
24251060,1781-1848,1781,472.1,5.063,0.6436,0.2695
24250374,1781-1848,1781,348.5,7.694,0.0064,0.0547
24715899,1884-1918,1884,386.2,6.805,0.2307,0.2334
24711818,1884-1918,1884,63.4,4.555,0.1262,0.2705
24518147,1884-1918,1884,41.4,4.095,0.4317,0.4941
24518153,1884-1918,1884,153.5,4.878,0.076,0.2188
24518151,1884-1918,1884,157.5,6.468,0.1992,0.2217
24144807,Vor 1683,1683,43.0,4.134,0.352,0.4443
24146009,Vor 1683,1683,173.5,4.956,0.0741,0.2188
24167580,Vor 1683,1683,747.7,5.226,0.1041,0.1973
24144222,Vor 1683,1683,59.0,4.716,0.0973,0.2188
24144693,Vor 1683,1683,675.0,4.882,0.0763,0.2188
24144241,Vor 1683,1683,509.9,4.773,0.0987,0.2324
24144239,Vor 1683,1683,84.6,5.07,0.0583,0.1641
24144238,Vor 1683,1683,184.1,4.221,0.2606,0.2969
24144237,Vor 1683,1683,55.8,6.291,0.0172,0.1094
24144221,Vor 1683,1683,1062.2,4.714,0.0938,0.2109
24144266,Vor 1683,1683,53.0,4.003,0.8444,0.4756
24145523,1884-1918,1884,624.7,5.861,0.531,0.3379
23531969,1884-1918,1884,90.5,4.313,0.3476,0.332
23530549,1884-1918,1884,187.8,5.393,0.7289,0.4092
23530553,1884-1918,1884,252.6,5.196,0.3005,0.2373
23531798,1884-1918,1884,51.5,4.223,0.3836,0.3936
23512438,1884-1918,1884,64.5,6.235,0.1387,0.1484
23512286,1884-1918,1884,128.9,5.419,0.1644,0.2305
23516410,1884-1918,1884,328.7,5.585,0.6423,0.3105
23509127,1884-1918,1884,93.8,4.201,0.2903,0.3848
23509078,1884-1918,1884,240.2,4.627,0.3251,0.373
23508997,1884-1918,1884,142.4,4.637,0.1046,0.2568
23512285,1884-1918,1884,70.4,8.115,0.3099,0.1113
24714363,1884-1918,1884,541.1,6.112,0.0252,0.1064
24714357,1884-1918,1884,373.3,6.172,0.3224,0.2402
24790973,1683-1740,1683,639.5,5.768,0.2429,0.2441
24803945,1683-1740,1683,84.9,4.068,0.4972,0.4873
24796407,1741-1780,1741,193.4,4.18,0.6973,0.3652
24796408,1741-1780,1741,98.7,7.895,0.9041,0.1826
24790523,1884-1918,1884,296.8,4.528,0.4678,0.333
25407545,1884-1918,1884,1520.0,7.395,0.5402,0.2236
25407015,1884-1918,1884,46.8,4.149,0.4024,0.3936
25407013,1884-1918,1884,122.7,4.018,0.6945,0.583
23783286,1946-1976,1946,262.3,9.309,0.1927,0.1025
23782132,1946-1976,1946,42.6,4.062,0.4741,0.5469
23783244,1946-1976,1946,257.8,9.966,0.2061,0.1025
23783888,1946-1976,1946,1118.5,8.194,0.089,0.1777
23783293,1946-1976,1946,78.6,10.991,0.0184,0.0303
23782131,1946-1976,1946,189.2,6.061,0.0218,0.1016
23782138,1946-1976,1946,40.5,4.065,0.4659,0.5469
23782951,1946-1976,1946,181.2,6.154,0.0199,0.0996
23783889,1946-1976,1946,56.9,4.015,0.6858,0.5977
23783292,1946-1976,1946,56.0,9.498,0.0039,0.0488
23534812,1884-1918,1884,357.3,6.344,0.2864,0.3047
23530152,1884-1918,1884,53.4,4.027,0.6535,0.5049
23532035,1884-1918,1884,97.5,5.24,0.2316,0.2188
23534711,1884-1918,1884,224.5,4.595,0.4082,0.3994
23534692,1884-1918,1884,242.8,5.615,0.4412,0.4326
23527958,1884-1918,1884,360.3,5.48,0.3492,0.1543
23530361,1884-1918,1884,72.0,4.922,0.0928,0.207
25525197,1884-1918,1884,118.0,4.154,0.3899,0.4258
25529090,1884-1918,1884,71.1,4.767,0.4292,0.2666
25525195,1884-1918,1884,158.3,4.91,0.072,0.2178
24712165,1884-1918,1884,372.9,5.712,0.6887,0.1914
24712194,1884-1918,1884,75.7,4.479,0.1507,0.2734
24796497,1884-1918,1884,530.1,5.117,0.1833,0.2646
25548449,1884-1918,1884,570.1,7.467,0.4718,0.3672
25548622,1884-1918,1884,53.0,4.073,0.4492,0.4912
27059923,1919-1945,1919,357.2,6.714,0.0138,0.0908
27059908,1919-1945,1919,127.8,5.063,0.0876,0.1494
27058598,1919-1945,1919,48.5,5.099,0.9471,0.4873
24620629,1884-1918,1884,220.7,5.419,0.3756,0.2734
24621968,1884-1918,1884,85.5,3.798,0.8131,0.3887
24620612,1884-1918,1884,1050.7,6.848,0.5387,0.4102
24620646,1884-1918,1884,157.9,6.642,0.1563,0.2217
24149642,1884-1918,1884,251.0,5.018,0.4961,0.2256
24712156,1781-1848,1781,579.5,5.669,0.483,0.3457
24715906,1884-1918,1884,455.5,5.361,0.2162,0.2549
24332058,1884-1918,1884,1020.9,7.02,0.0908,0.1572
24332022,1884-1918,1884,44.5,4.492,0.2179,0.2744
24327420,1884-1918,1884,393.1,4.443,0.1924,0.3311
23837295,1884-1918,1884,40.8,3.987,0.434,0.4678
23841412,1884-1918,1884,694.0,6.767,0.8322,0.3115
23841404,1884-1918,1884,48.6,4.731,0.1037,0.2236
24792215,1884-1918,1884,982.7,8.782,0.5168,0.2109
24792248,1884-1918,1884,133.6,4.533,0.178,0.2646
24792241,1884-1918,1884,82.4,4.783,0.8096,0.3867
24792252,1884-1918,1884,281.1,4.679,0.4341,0.2422
24792231,1884-1918,1884,463.3,8.284,0.2417,0.1182
24792243,1884-1918,1884,185.7,4.004,0.8864,0.6006
24800410,1884-1918,1884,66.5,4.011,0.9011,0.5596
24255223,1884-1918,1884,162.9,4.128,0.5088,0.3779
24255746,1884-1918,1884,695.7,6.276,0.3607,0.2168
24256257,1884-1918,1884,48.0,11.483,0.0029,0.0225
24255225,1884-1918,1884,43.1,3.546,0.9616,0.6035
24255743,1884-1918,1884,49.2,3.737,0.7082,0.3604
23512437,1884-1918,1884,220.3,6.089,0.5598,0.2305
23509080,1884-1918,1884,55.6,4.304,0.5709,0.4297
23508994,1884-1918,1884,235.9,4.596,0.4396,0.4375
25662662,1884-1918,1884,41.6,4.324,0.6901,0.4668
25662646,1884-1918,1884,47.0,4.026,0.6459,0.5098
25662644,1884-1918,1884,45.9,4.303,0.6726,0.3223
25676126,1884-1918,1884,425.3,9.725,0.6141,0.2109
25662722,1884-1918,1884,225.3,4.305,0.241,0.3799
25662699,1884-1918,1884,78.5,5.051,0.1813,0.2021
24536314,1919-1945,1919,419.8,5.721,0.3306,0.1729
25406966,1884-1918,1884,87.1,5.786,0.2304,0.249
27031543,1946-1976,1946,93.4,4.136,0.5837,0.4062
27031541,1946-1976,1946,76.5,5.005,0.151,0.1611
27032402,1946-1976,1946,67.9,4.146,0.5763,0.417
25548387,1884-1918,1884,1253.2,7.955,0.4804,0.3174
25547846,1884-1918,1884,96.3,4.485,0.1709,0.2549
25547956,1884-1918,1884,60.1,5.134,0.0634,0.1602
25534353,1860-1883,1860,124.5,4.037,0.5612,0.5732
25533497,1860-1883,1860,97.9,4.273,0.2166,0.3799
25533498,1860-1883,1860,364.6,10.347,0.1413,0.0576
25533500,1860-1883,1860,762.6,7.812,0.2426,0.2383
25532877,1860-1883,1860,94.2,4.185,0.2831,0.416
23245312,1884-1918,1884,114.5,6.672,0.2346,0.1201
23245314,1884-1918,1884,88.6,6.513,0.1976,0.1719
23245308,1884-1918,1884,68.9,6.405,0.0331,0.1172
24332114,1919-1945,1919,220.6,5.363,0.3109,0.2891
24332110,1919-1945,1919,221.1,5.353,0.3021,0.2891
24518506,1884-1918,1884,234.5,4.93,0.3334,0.3916
24518490,1884-1918,1884,279.3,5.141,0.5425,0.3975
24518504,1884-1918,1884,256.1,4.632,0.339,0.4385
24518487,1884-1918,1884,277.7,5.113,0.5365,0.4092
24255120,1884-1918,1884,53.8,4.882,0.1262,0.2188
24255257,1884-1918,1884,1165.2,6.802,0.1463,0.249
24256353,1884-1918,1884,110.5,4.365,0.1861,0.3232
24255131,1884-1918,1884,284.5,4.72,0.8662,0.377
24255141,1884-1918,1884,215.4,4.24,0.4521,0.4219
24255708,1884-1918,1884,212.2,7.946,0.4296,0.1963
24255742,1884-1918,1884,67.0,4.94,0.1959,0.2051
25450437,1884-1918,1884,379.4,5.033,0.6859,0.3252
25450470,1884-1918,1884,247.6,5.449,0.5967,0.3252
23783916,1860-1883,1860,138.6,4.458,0.331,0.2998
23782415,1860-1883,1860,692.5,4.991,0.3619,0.4043
23782423,1860-1883,1860,81.3,4.05,0.5166,0.5391
23783962,1860-1883,1860,618.6,7.146,0.7254,0.209
23783963,1860-1883,1860,461.6,4.376,0.1861,0.2295
23783967,1860-1883,1860,273.2,5.134,0.0551,0.1641
25449990,Nach 1976,1976,1377.7,9.618,0.3513,0.29
25450014,Nach 1976,1976,44.6,5.465,0.355,0.1738
25450002,Nach 1976,1976,448.8,4.534,0.1225,0.2734
25449978,Nach 1976,1976,62.8,4.464,0.1394,0.2734
25452466,Nach 1976,1976,86.5,7.043,0.0347,0.1387
25454226,Nach 1976,1976,71.2,4.023,0.7651,0.5977
25454229,Nach 1976,1976,60.1,11.744,0.0049,0.0439
25450025,Nach 1976,1976,123.1,4.048,0.5135,0.5469
25450030,Nach 1976,1976,80.6,7.744,0.4471,0.1709
25449996,Nach 1976,1976,62.0,4.594,0.1092,0.2734
23530585,1884-1918,1884,591.2,5.356,0.2253,0.2988
23534292,1884-1918,1884,505.0,6.503,0.1538,0.248
23531717,1884-1918,1884,212.7,5.522,0.2208,0.2012
23528706,1884-1918,1884,544.7,5.059,0.1656,0.2705
23528696,1884-1918,1884,236.2,5.448,0.2564,0.2256
23531702,1884-1918,1884,88.9,4.047,0.395,0.4121
23531711,1884-1918,1884,90.6,4.096,0.3288,0.4072
23528695,1884-1918,1884,305.6,4.448,0.4442,0.4404
24620468,1884-1918,1884,684.1,4.9,0.2264,0.3066
25450448,1884-1918,1884,103.0,5.79,0.3288,0.2012
25450425,1884-1918,1884,417.0,7.965,0.1078,0.1143
25450427,1884-1918,1884,115.7,5.525,0.3375,0.2422
25899058,1884-1918,1884,331.7,5.484,0.8791,0.3652
24800092,1884-1918,1884,329.1,7.247,0.3639,0.3145
25405370,1884-1918,1884,757.5,11.39,0.3158,0.1699
25405436,1884-1918,1884,99.7,4.102,0.418,0.4727
25405379,1884-1918,1884,112.9,4.0,0.9629,0.5596
25405404,1884-1918,1884,100.6,4.061,0.4993,0.5469
25561659,1884-1918,1884,579.8,5.125,0.4787,0.334
24151656,1884-1918,1884,178.6,4.625,0.6846,0.3662
23518384,1884-1918,1884,494.4,7.937,0.602,0.3232
25405492,1884-1918,1884,105.0,4.226,0.2853,0.3154
25405505,1884-1918,1884,156.1,6.602,0.1678,0.1816
24800015,1781-1848,1781,824.8,5.893,0.4252,0.3281
24795852,1781-1848,1781,1347.3,6.517,0.5273,0.2559
24801036,1781-1848,1781,230.3,7.001,0.685,0.2754
24800851,1781-1848,1781,65.8,4.001,0.8903,0.5264
24800133,1946-1976,1946,365.0,6.743,0.2561,0.1865
24790454,1946-1976,1946,53.8,10.242,0.0017,0.0508
24790477,1946-1976,1946,474.1,6.94,0.4454,0.2812
24800047,1884-1918,1884,100.7,6.568,0.0173,0.0977
24800036,1884-1918,1884,83.9,7.972,0.4615,0.2383
24800042,1884-1918,1884,63.8,5.75,0.1573,0.166
24800045,1884-1918,1884,164.3,7.396,0.4626,0.3145
24800029,1884-1918,1884,165.0,7.648,0.0403,0.0947
24800023,1884-1918,1884,359.4,6.657,0.1642,0.1201
25558772,1781-1848,1781,703.8,6.284,0.4726,0.2002
26812123,1884-1918,1884,41.0,4.133,0.3717,0.4229
26809265,1884-1918,1884,551.0,7.947,0.0659,0.1074
26809271,1884-1918,1884,340.7,9.014,0.0465,0.1074
26809283,1884-1918,1884,465.4,7.008,0.2044,0.1992
26812110,1884-1918,1884,360.6,4.746,0.5404,0.4023
25405595,1884-1918,1884,354.8,4.498,0.5745,0.3115
23245588,1884-1918,1884,225.2,4.933,0.5835,0.2803
23252877,1884-1918,1884,549.5,7.504,0.3873,0.3047
23247564,1884-1918,1884,51.0,4.024,0.6516,0.5439
23252876,1884-1918,1884,554.5,7.456,0.368,0.3145
23247562,1884-1918,1884,51.6,4.021,0.6694,0.5488
23247656,1884-1918,1884,301.1,4.529,0.7912,0.3691
23245160,1884-1918,1884,210.8,4.094,0.4046,0.4922
25140950,1946-1976,1946,724.9,6.445,0.0157,0.1094
25137277,1946-1976,1946,1509.5,5.697,0.9364,0.3643
25137275,1946-1976,1946,196.7,4.001,0.9167,0.4531
23454489,1919-1945,1919,1415.1,9.006,0.4689,0.2256
23454490,1919-1945,1919,696.0,6.736,0.0295,0.1006
23454493,1919-1945,1919,527.9,5.519,0.0597,0.168
23454140,1919-1945,1919,255.8,4.386,0.2669,0.3271
23454176,1919-1945,1919,198.2,4.127,0.3832,0.4443
23454148,1919-1945,1919,187.0,4.887,0.4543,0.5059
23454189,1919-1945,1919,198.8,4.125,0.3803,0.4375
23454180,1919-1945,1919,188.1,4.953,0.4608,0.4834
23454228,1919-1945,1919,1564.3,8.665,0.3632,0.1172
23454212,1919-1945,1919,203.0,4.126,0.3847,0.4434
23454196,1919-1945,1919,187.6,4.964,0.4624,0.4951
23454224,1919-1945,1919,436.3,5.089,0.1062,0.2178
23454200,1919-1945,1919,475.5,5.253,0.1989,0.21
23454217,1919-1945,1919,184.9,4.974,0.469,0.4824
23248305,1884-1918,1884,635.4,6.403,0.4853,0.373
23248896,1884-1918,1884,136.1,4.912,0.0736,0.2188
26636058,1884-1918,1884,583.8,5.838,0.4497,0.4844
23383736,1884-1918,1884,44.6,8.401,0.009,0.0605
23391928,1884-1918,1884,441.4,7.322,0.5937,0.2744
23383742,1884-1918,1884,94.1,4.946,0.1496,0.2168
23390483,1884-1918,1884,92.3,5.047,0.1642,0.2617
19218720,1884-1918,1884,49.2,4.682,0.6724,0.3594
19219043,1884-1918,1884,402.1,7.052,0.1616,0.2441
23428218,1946-1976,1946,208.4,7.646,0.007,0.0527
23428219,1946-1976,1946,432.0,4.595,0.1199,0.2676
23428211,1946-1976,1946,299.4,4.233,0.2588,0.3828
23428184,1946-1976,1946,775.3,4.01,0.7666,0.6377
23428092,1946-1976,1946,1136.8,11.989,0.0088,0.0332
23428190,1946-1976,1946,202.2,4.053,0.5051,0.5469
23428155,1946-1976,1946,924.5,4.053,0.5253,0.5439
23428140,1946-1976,1946,1616.2,4.33,0.2021,0.3281
23428141,1946-1976,1946,773.6,4.012,0.7426,0.6309
23428114,1946-1976,1946,719.8,4.39,0.1767,0.3281
23428257,1946-1976,1946,116.9,4.001,0.9414,0.4893
23428267,1946-1976,1946,55.0,4.323,0.2045,0.3281
23428231,1946-1976,1946,1290.6,4.05,0.5092,0.5469
23428274,1946-1976,1946,206.5,4.138,0.348,0.4375
23429988,1946-1976,1946,322.2,11.255,0.8125,0.083
23429987,1946-1976,1946,788.9,4.335,0.5162,0.5117
23428061,1946-1976,1946,681.0,4.06,0.4856,0.5469
23428112,1946-1976,1946,6162.1,6.683,0.0124,0.1094
23428162,1946-1976,1946,786.7,10.2,0.0018,0.0527
23428106,1946-1976,1946,2576.2,8.421,0.0057,0.0527
23428123,1946-1976,1946,351.1,7.056,0.0096,0.0547
23428120,1946-1976,1946,924.9,4.059,0.5063,0.5469
23428100,1946-1976,1946,766.5,4.013,0.73,0.6299
23428083,1946-1976,1946,1624.0,4.331,0.2008,0.3281
23428094,1946-1976,1946,408.3,4.101,0.3865,0.4922
23428084,1946-1976,1946,817.8,4.013,0.6944,0.5996
23428034,1946-1976,1946,1519.9,5.7,0.0562,0.1445
23428074,1946-1976,1946,264.1,4.145,0.3406,0.4375
23393670,1781-1848,1781,278.6,4.323,0.2757,0.3691
23398495,1781-1848,1781,103.6,4.725,0.138,0.2646
23245158,1884-1918,1884,644.4,6.303,0.3331,0.4199
27070638,1884-1918,1884,186.8,4.233,0.5335,0.5029
27070637,1884-1918,1884,239.9,4.386,0.4224,0.4482
25687086,1884-1918,1884,57.6,4.0,0.9398,0.5283
26265080,1946-1976,1946,189.1,4.181,0.4331,0.4258
26265056,1946-1976,1946,397.4,4.814,0.1056,0.2383
26270541,1946-1976,1946,608.9,5.697,0.1862,0.1689
26265098,1884-1918,1884,417.8,4.807,0.2519,0.3555
26270299,1884-1918,1884,61.3,4.195,0.2978,0.4102
25094379,1919-1945,1919,1201.4,7.978,0.1423,0.1445
25094168,1884-1918,1884,453.9,5.696,0.1826,0.2129
25094382,1884-1918,1884,601.5,5.554,0.3985,0.2178
25094041,1884-1918,1884,91.2,4.049,0.8041,0.4336
25095056,1884-1918,1884,406.5,4.615,0.1447,0.2686
25687054,1884-1918,1884,64.0,4.002,0.9442,0.6484
19287111,1884-1918,1884,454.3,5.187,0.3604,0.2803
19175011,1884-1918,1884,424.3,5.415,0.2985,0.2666
19229245,1884-1918,1884,338.2,5.649,0.5743,0.3057
19229223,1884-1918,1884,106.6,4.703,0.2059,0.2051
19286417,1884-1918,1884,82.9,5.816,0.1484,0.1484
19286812,1884-1918,1884,141.9,4.588,0.2041,0.3359
21188887,1946-1976,1946,187.9,5.206,0.3417,0.4141
23245453,1884-1918,1884,281.1,4.611,0.7925,0.4854
23245014,1884-1918,1884,50.2,7.157,0.0087,0.0547
23247543,1884-1918,1884,526.9,6.699,0.5621,0.2178
23247541,1884-1918,1884,83.5,4.338,0.4756,0.3672
23245030,1884-1918,1884,56.6,7.998,0.0051,0.0547
25687053,1884-1918,1884,48.8,4.141,0.361,0.4375
26132927,1884-1918,1884,281.7,4.379,0.1879,0.3281
26132921,1884-1918,1884,279.2,4.38,0.1896,0.3232
26794582,1884-1918,1884,1023.2,8.95,0.4425,0.2598
25687064,1884-1918,1884,46.4,4.141,0.3632,0.4375
19004501,1946-1976,1946,49.1,10.419,0.2371,0.0479
19004519,1946-1976,1946,40.0,4.647,0.1069,0.2598
19004475,1946-1976,1946,789.0,8.004,0.0894,0.1426
25687062,1884-1918,1884,61.7,4.001,0.9739,0.4678
23049900,1946-1976,1946,108.8,5.033,0.2828,0.208
23049896,1946-1976,1946,100.3,4.213,0.5369,0.4502
23052139,1946-1976,1946,591.2,10.906,0.1112,0.1172
23052108,1946-1976,1946,385.2,4.804,0.0842,0.2188
23052110,1946-1976,1946,178.6,5.17,0.0484,0.1641
23052105,1946-1976,1946,46.8,4.057,0.5372,0.5469
23049858,1946-1976,1946,1041.7,4.476,0.1376,0.2734
23049886,1946-1976,1946,419.9,5.535,0.0375,0.1523
23049881,1946-1976,1946,457.2,9.049,0.1029,0.1211
23049880,1946-1976,1946,1997.6,4.002,0.8465,0.623
23052142,1946-1976,1946,167.3,4.993,0.1227,0.1943
23049874,1946-1976,1946,433.0,5.364,0.0391,0.1641
23049872,1946-1976,1946,108.9,11.753,0.0047,0.0352
23052871,1946-1976,1946,362.1,9.533,0.2417,0.0596
23049863,1946-1976,1946,484.1,5.444,0.0445,0.1689
23049868,1946-1976,1946,842.8,4.029,0.6001,0.583
23049866,1946-1976,1946,184.9,4.149,0.4861,0.3525
23049847,1946-1976,1946,171.1,4.098,0.4385,0.4922
23052140,1946-1976,1946,3065.8,4.681,0.1109,0.251
25687059,1884-1918,1884,47.3,4.166,0.3297,0.4375
25687057,1884-1918,1884,46.4,4.155,0.341,0.4375
27021046,1781-1848,1781,309.6,4.33,0.371,0.4258
27020653,1781-1848,1781,71.6,4.157,0.3382,0.4375
27026399,1919-1945,1919,175.0,4.267,0.2508,0.3643
27025504,1919-1945,1919,123.1,7.991,0.0123,0.0537
27025506,1919-1945,1919,44.5,4.084,0.459,0.4922
27026392,1919-1945,1919,1085.4,7.459,0.1218,0.25
27025507,1919-1945,1919,481.9,4.427,0.2643,0.2871
27026891,1919-1945,1919,658.0,4.447,0.2654,0.3818
27026397,1919-1945,1919,228.8,6.009,0.022,0.1094
27026396,1919-1945,1919,55.3,4.288,0.5955,0.3691
27026892,1919-1945,1919,316.7,4.819,0.9024,0.6426
27025573,1919-1945,1919,488.1,4.148,0.6036,0.4932
27025353,1919-1945,1919,47.3,5.175,0.0476,0.1641
27025348,1919-1945,1919,51.6,4.006,0.7655,0.6055
27025574,1919-1945,1919,87.6,4.281,0.2148,0.375
27026352,1919-1945,1919,47.5,4.307,0.203,0.3281
27026622,1919-1945,1919,217.7,5.563,0.1084,0.2148
27026350,1919-1945,1919,50.1,4.0,0.9021,0.5879
27026351,1919-1945,1919,119.6,5.627,0.038,0.1426
27026626,1919-1945,1919,224.9,4.908,0.0727,0.2188
27025355,1919-1945,1919,934.1,5.001,0.1204,0.2627
27025352,1919-1945,1919,840.3,4.559,0.7067,0.5244
27026621,1919-1945,1919,383.3,6.281,0.0468,0.1035
27025351,1919-1945,1919,613.9,4.067,0.4953,0.5439
27026349,1919-1945,1919,187.2,5.299,0.1444,0.1621
27026348,1919-1945,1919,81.8,4.0,0.9947,0.4531
27025345,1919-1945,1919,111.9,4.18,0.5501,0.3867
27025358,1919-1945,1919,1037.1,4.552,0.8066,0.5771
27025373,1919-1945,1919,350.3,5.921,0.0231,0.1055
27025372,1919-1945,1919,637.9,4.08,0.4677,0.4922
27025365,1919-1945,1919,209.0,4.819,0.0844,0.2188
27025367,1919-1945,1919,129.5,4.384,0.1819,0.3271
27026729,1919-1945,1919,591.2,7.179,0.06,0.1406
27026724,1919-1945,1919,316.7,6.161,0.0186,0.1094
27025366,1919-1945,1919,4151.9,4.142,0.3335,0.4375
27025362,1919-1945,1919,325.9,5.377,0.0392,0.1641
27025369,1919-1945,1919,55.3,4.514,0.6611,0.3008
27025368,1919-1945,1919,774.9,4.981,0.0701,0.1602
27025363,1919-1945,1919,591.7,5.195,0.0475,0.1641
27026398,1919-1945,1919,65.6,5.487,0.0355,0.1641
23378417,1884-1918,1884,242.9,5.874,0.2037,0.1396
23378422,1884-1918,1884,145.9,5.59,0.1265,0.1787
23378419,1884-1918,1884,42.7,4.039,0.6129,0.5088
23378393,1884-1918,1884,637.8,4.711,0.346,0.2451
25543249,1860-1883,1860,446.6,4.991,0.5051,0.3105
19005094,1884-1918,1884,226.3,4.184,0.4269,0.4902
19005079,1884-1918,1884,348.0,5.356,0.4455,0.4766
19064576,1884-1918,1884,48.4,5.566,0.1168,0.2217
20220287,1884-1918,1884,549.1,5.69,0.1896,0.1953
20677679,1884-1918,1884,43.0,4.288,0.6109,0.3418
23246024,1860-1883,1860,253.0,4.175,0.6138,0.5039
23246069,1860-1883,1860,252.2,4.849,0.1937,0.3174
23252987,1860-1883,1860,63.0,8.374,0.08,0.0713
26618203,1860-1883,1860,452.9,4.86,0.5418,0.3135
23245879,1884-1918,1884,437.3,6.238,0.2712,0.1436
23245888,1884-1918,1884,275.4,5.085,0.2016,0.2422
23245874,1884-1918,1884,63.1,4.108,0.3985,0.4316
23245985,1884-1918,1884,438.2,5.488,0.0383,0.1504
23245974,1884-1918,1884,140.1,9.752,0.0077,0.0469
23245975,1884-1918,1884,51.4,4.182,0.6572,0.499
23245990,1860-1883,1860,186.6,4.126,0.8771,0.3652
23245957,1860-1883,1860,109.5,4.756,0.4188,0.248
25543393,1884-1918,1884,357.1,5.683,0.0875,0.2207
25543379,1884-1918,1884,45.9,4.029,0.6138,0.5537
25543692,1781-1848,1781,557.5,8.97,0.0641,0.0674
25543544,1781-1848,1781,103.3,3.993,0.884,0.4639
25543540,1781-1848,1781,47.9,5.571,0.0944,0.127
25543326,1781-1848,1781,84.2,4.338,0.2679,0.3369
25543308,1781-1848,1781,246.9,5.473,0.077,0.1709
25543689,1781-1848,1781,349.1,5.481,0.0367,0.1641
25543965,1781-1848,1781,96.6,9.152,0.0028,0.0547
23393631,1781-1848,1781,617.8,4.932,0.4409,0.2598
23398497,1781-1848,1781,56.0,4.061,0.4987,0.4834
23245598,1884-1918,1884,556.2,5.76,0.2621,0.3604
23244771,1683-1740,1683,145.4,3.749,0.6365,0.5332
23244729,1683-1740,1683,199.3,4.26,0.847,0.3936
23244749,1683-1740,1683,119.3,4.057,0.6155,0.4434
23244577,1683-1740,1683,224.4,5.881,0.0245,0.1094
23244774,1683-1740,1683,199.9,4.261,0.9123,0.4551
25543366,1884-1918,1884,87.6,5.048,0.0607,0.1641
25543360,1884-1918,1884,89.7,5.28,0.1297,0.1865
25543353,1884-1918,1884,74.3,4.533,0.3084,0.2539
25543373,1884-1918,1884,70.3,5.722,0.1734,0.1934
25687085,1884-1918,1884,58.5,4.023,0.9354,0.71
23245376,1884-1918,1884,305.7,5.297,0.8105,0.4434
23245409,1884-1918,1884,279.2,5.037,0.6579,0.5498
23247649,1884-1918,1884,375.3,6.455,0.364,0.3379
23393632,1884-1918,1884,774.4,7.731,0.2166,0.2012
23393651,1884-1918,1884,48.2,5.083,0.355,0.2344
23393647,1884-1918,1884,40.8,6.685,0.2243,0.1084
26618202,1860-1883,1860,364.9,4.348,0.2913,0.3096
27020743,1884-1918,1884,279.1,4.579,0.3271,0.4307
27021059,1884-1918,1884,275.0,4.289,0.3002,0.4277
27020747,1884-1918,1884,47.0,4.107,0.5286,0.3359
23244840,1781-1848,1781,194.8,5.056,0.2357,0.2822
23247878,1781-1848,1781,548.5,6.49,0.3136,0.2207
27020813,1884-1918,1884,334.3,4.832,0.6816,0.3867
27021008,1884-1918,1884,310.1,4.213,0.3663,0.4688
27020671,1884-1918,1884,418.2,6.228,0.9879,0.3184
24146716,1884-1918,1884,378.9,4.296,0.3503,0.4082
23247672,1884-1918,1884,507.4,7.17,0.2634,0.2646
23245233,1884-1918,1884,414.4,5.122,0.4507,0.292
26780961,1884-1918,1884,890.6,7.435,0.1036,0.1621
24146673,1884-1918,1884,231.1,4.559,0.2275,0.2891
24487868,1884-1918,1884,422.5,5.185,0.2284,0.2695
19174739,1946-1976,1946,53.6,4.063,0.8207,0.4297
19174735,1946-1976,1946,779.4,6.871,0.2283,0.2451
19174762,1946-1976,1946,57.6,8.049,0.0262,0.0771
19174724,1946-1976,1946,53.7,4.071,0.8668,0.5068
19174734,1946-1976,1946,44.6,5.296,0.0481,0.1543
19174726,1946-1976,1946,44.8,5.33,0.0493,0.1523
23248281,1884-1918,1884,439.4,5.61,0.1945,0.25
25543375,1884-1918,1884,408.0,4.724,0.8773,0.3564
23253049,1884-1918,1884,970.5,7.032,0.8229,0.3018
25543428,1884-1918,1884,1812.4,8.048,0.0903,0.1719
23385457,1860-1883,1860,198.9,7.012,0.2472,0.1084
23385485,1860-1883,1860,168.9,7.248,0.2439,0.1328
23387454,1860-1883,1860,64.6,8.538,0.2582,0.1768
23249933,1884-1918,1884,289.2,5.387,0.2294,0.2207
23249934,1884-1918,1884,78.0,7.388,0.0946,0.1475
23248292,1884-1918,1884,289.8,4.258,0.7269,0.4658
23248296,1884-1918,1884,304.1,4.454,0.8001,0.5703
23245006,1884-1918,1884,303.2,5.13,0.5319,0.251
24143821,1860-1883,1860,249.2,4.956,0.2842,0.2275
21189037,1946-1976,1946,443.5,7.071,0.0349,0.1182
21189008,1946-1976,1946,210.5,6.561,0.2288,0.1406
21189009,1946-1976,1946,541.4,4.693,0.2826,0.2783
21201785,1946-1976,1946,57.5,4.329,0.1895,0.3281
26270176,1884-1918,1884,181.5,4.13,0.694,0.3711
26265719,1884-1918,1884,71.0,4.349,0.1844,0.3252
25687078,1884-1918,1884,75.6,4.028,0.5886,0.5996
24143827,1860-1883,1860,280.2,5.013,0.3378,0.2178
26101864,1849-1859,1849,1411.2,7.529,0.0279,0.1016
26101867,1849-1859,1849,46.3,4.0,0.9554,0.4092
26101887,1849-1859,1849,46.3,4.0,0.9419,0.4072
23378418,1884-1918,1884,280.9,4.163,0.4485,0.4717
25219280,1884-1918,1884,1097.6,6.547,0.4357,0.4297
23244976,1884-1918,1884,406.0,5.341,0.6417,0.3135
23246120,1884-1918,1884,296.2,4.665,0.1307,0.2715
23248878,1860-1883,1860,204.0,4.048,0.8947,0.4961
23252959,1884-1918,1884,193.1,4.823,0.5551,0.4541
23252960,1884-1918,1884,204.2,5.003,0.7969,0.3877
23252961,1884-1918,1884,187.9,4.002,0.9593,0.4658
23252956,1884-1918,1884,74.7,3.943,0.8307,0.4248
23245970,1860-1883,1860,280.2,4.349,0.3704,0.3311
23385491,1860-1883,1860,217.3,8.785,0.2916,0.1055
23385488,1860-1883,1860,73.1,6.362,0.1225,0.084
23383154,1860-1883,1860,88.6,4.936,0.2302,0.2666
25087879,1884-1918,1884,143.2,5.207,0.3512,0.2197
25087871,1884-1918,1884,199.0,5.974,0.3239,0.1719
25087747,1884-1918,1884,290.2,4.63,0.6289,0.3369
25219187,1884-1918,1884,350.9,4.509,0.5818,0.335
23245179,1884-1918,1884,416.1,5.095,0.4981,0.3125
19064913,1860-1883,1860,106.3,4.425,0.1562,0.3027
19064925,1860-1883,1860,789.4,5.377,0.2278,0.2656
26265012,1884-1918,1884,510.1,4.693,0.4714,0.2695
23246181,1884-1918,1884,237.4,4.177,0.4336,0.4922
23246166,1884-1918,1884,280.6,4.801,0.9571,0.3613
27021049,1884-1918,1884,324.7,5.008,0.5319,0.4746
27020647,1884-1918,1884,45.4,4.221,0.2642,0.3877
27020646,1884-1918,1884,117.6,4.095,0.5602,0.4883
27020906,1884-1918,1884,106.0,5.202,0.0506,0.1602
24143852,1860-1883,1860,226.6,4.204,0.8275,0.4912
26270588,1884-1918,1884,494.5,5.832,0.4876,0.2715
26265019,1884-1918,1884,249.1,4.765,0.4014,0.417
26270531,1884-1918,1884,88.8,4.367,0.1765,0.3164
26851492,1884-1918,1884,223.7,4.217,0.4243,0.4482
26851498,1884-1918,1884,194.5,4.468,0.722,0.5576
26851487,1884-1918,1884,113.8,4.949,0.1108,0.2354
25543405,1884-1918,1884,744.6,6.54,0.5469,0.2842
24143808,1860-1883,1860,289.6,4.917,0.3979,0.2119
23246006,1860-1883,1860,384.0,6.012,0.4883,0.3125
25088912,1884-1918,1884,249.4,4.716,0.3447,0.4268
25087716,1884-1918,1884,107.4,4.83,0.0758,0.2188
25087707,1884-1918,1884,48.5,4.004,0.8006,0.6455
19174754,1884-1918,1884,463.5,4.923,0.3785,0.3008
23442331,1884-1918,1884,362.5,4.664,0.4451,0.2959
19229224,1884-1918,1884,515.0,4.875,0.3644,0.2861
21201787,1884-1918,1884,594.1,5.079,0.496,0.2783
21201788,1884-1918,1884,101.2,4.374,0.1864,0.3125
19175340,1946-1976,1946,207.7,5.284,0.3016,0.3975
19175332,1946-1976,1946,201.4,5.357,0.2933,0.3965
19175301,1946-1976,1946,207.9,5.282,0.3037,0.4033
19175279,1946-1976,1946,233.0,5.359,0.2303,0.3447
19175291,1946-1976,1946,207.5,5.27,0.3058,0.4062
19175513,1946-1976,1946,376.0,6.153,0.0681,0.1953
19175425,1946-1976,1946,410.6,6.32,0.0822,0.1914
19175480,1946-1976,1946,568.8,7.105,0.0323,0.1191
19175392,1946-1976,1946,636.3,7.146,0.0397,0.1406
23245089,1884-1918,1884,524.4,6.083,0.3297,0.3701
23245119,1884-1918,1884,40.5,5.29,0.6986,0.2773
23383707,1860-1883,1860,199.9,7.943,0.1344,0.1348
24146668,1884-1918,1884,382.4,4.26,0.3547,0.4336
24723250,1884-1918,1884,433.9,5.196,0.3327,0.2598
19175429,1946-1976,1946,326.3,4.53,0.3491,0.2842
19175461,1946-1976,1946,306.5,4.453,0.1575,0.2988
19175417,1946-1976,1946,224.0,4.211,0.2616,0.3828
19175511,1946-1976,1946,239.6,4.261,0.2264,0.3828
19175509,1946-1976,1946,370.8,4.677,0.4259,0.2666
19175324,1946-1976,1946,739.0,7.397,0.1132,0.1143
19175338,1946-1976,1946,294.7,4.175,0.3252,0.4268
24146772,1884-1918,1884,375.6,4.337,0.3347,0.4033
25087847,1884-1918,1884,335.3,4.679,0.5354,0.3145
25087846,1884-1918,1884,62.0,4.882,0.3858,0.4609
25087773,1884-1918,1884,378.1,4.795,0.5925,0.3271
19174972,1946-1976,1946,155.0,11.083,0.1682,0.041
19174973,1946-1976,1946,453.1,6.225,0.1978,0.124
19287143,1946-1976,1946,70.3,9.91,0.0235,0.0498
25215637,1919-1945,1919,157.8,5.514,0.0932,0.2148
25215373,1919-1945,1919,56.2,4.22,0.2783,0.3848
25215371,1919-1945,1919,58.0,4.229,0.274,0.3828
25211210,1919-1945,1919,187.2,5.956,0.0226,0.1094
25211193,1919-1945,1919,793.2,5.776,0.363,0.1846
21747593,1884-1918,1884,190.2,4.072,0.4647,0.4961
21800365,1884-1918,1884,253.7,4.288,0.3303,0.4082
22010361,1884-1918,1884,272.3,5.063,0.4732,0.248
26727962,Vor 1683,1683,353.9,5.387,0.2764,0.2979
26727989,Vor 1683,1683,119.2,5.883,0.0228,0.1113
26730382,Vor 1683,1683,321.2,4.477,0.1756,0.3271
26735168,Vor 1683,1683,385.5,4.576,0.4231,0.3027
26727966,Vor 1683,1683,235.1,4.309,0.3538,0.2246
26727946,Vor 1683,1683,72.5,3.916,0.5598,0.5215
26727951,1884-1918,1884,747.0,7.175,0.0783,0.1064
26727960,1884-1918,1884,258.3,4.044,0.9458,0.4023
26733406,1884-1918,1884,77.1,10.815,0.0019,0.0498
26731693,1919-1945,1919,363.2,4.674,0.173,0.2891
27214513,1946-1976,1946,71.3,4.003,0.8855,0.542
22643364,1946-1976,1946,119.4,4.126,0.3478,0.4375
22851328,1919-1945,1919,107.1,4.038,0.5745,0.5439
22615400,1946-1976,1946,616.8,10.115,0.0305,0.0713
26206723,1919-1945,1919,99.3,4.204,0.4011,0.3848
26735890,1946-1976,1946,309.1,4.397,0.1625,0.3281
26727968,1946-1976,1946,88.2,4.129,0.3445,0.4375
26727936,1946-1976,1946,540.4,5.12,0.0547,0.1631
26727945,1946-1976,1946,413.6,4.624,0.1137,0.2637
26727920,1946-1976,1946,188.5,4.112,0.3765,0.4922
26731772,1884-1918,1884,60.2,4.919,0.3681,0.2861
26731778,1884-1918,1884,120.6,6.352,0.2209,0.3135
26731769,1884-1918,1884,114.5,6.513,0.2401,0.2617
22612477,1946-1976,1946,575.9,7.733,0.118,0.1406
22611682,1946-1976,1946,242.4,5.884,0.1544,0.2891
22611660,1946-1976,1946,185.9,5.918,0.1942,0.3125
